Provincial_postalarea_kh,Provincial_postalarea_en,Provincial_postal_code,District_postalarea_kh,District_postalarea_en,District_postal_code,Commune_postalarea_kh,Commune_postalarea_en,Commune_postal_code
បន្ទាយមានជ័យ,Banteay Meanchey,010000,មង្គលបូរី,Mongkol Borei,010200,បន្ទាយនាង,Banteay Neang,010201
បន្ទាយមានជ័យ,Banteay Meanchey,010000,មង្គលបូរី,Mongkol Borei,010200,បត់ត្រង់,Bat Trang,010202
បន្ទាយមានជ័យ,Banteay Meanchey,010000,មង្គលបូរី,Mongkol Borei,010200,ចំណោម,Chamaom,010203
បន្ទាយមានជ័យ,Banteay Meanchey,010000,មង្គលបូរី,Mongkol Borei,010200,គោកបល្ល័ង្ក,Kouk Ballangk,010204
បន្ទាយមានជ័យ,Banteay Meanchey,010000,មង្គលបូរី,Mongkol Borei,010200,គយម៉ែង,Koy Maeng,010205
បន្ទាយមានជ័យ,Banteay Meanchey,010000,មង្គលបូរី,Mongkol Borei,010200,អូរប្រាសាទ,Ou Prasat,010206
បន្ទាយមានជ័យ,Banteay Meanchey,010000,មង្គលបូរី,Mongkol Borei,010200,ភ្នំតូច,Phnum Touch,010207
បន្ទាយមានជ័យ,Banteay Meanchey,010000,មង្គលបូរី,Mongkol Borei,010200,រហាត់ទឹក,Rohat Tuek,010208
បន្ទាយមានជ័យ,Banteay Meanchey,010000,មង្គលបូរី,Mongkol Borei,010200,ប្ញស្សីក្រោក,Ruessei Kraok,010209
បន្ទាយមានជ័យ,Banteay Meanchey,010000,មង្គលបូរី,Mongkol Borei,010200,សំបួរ,Sambuor,010210
បន្ទាយមានជ័យ,Banteay Meanchey,010000,មង្គលបូរី,Mongkol Borei,010200,សឿ,Soeu,010211
បន្ទាយមានជ័យ,Banteay Meanchey,010000,មង្គលបូរី,Mongkol Borei,010200,ស្រះរាំង,Srah Reang,010212
បន្ទាយមានជ័យ,Banteay Meanchey,010000,មង្គលបូរី,Mongkol Borei,010200,តាឡំ,Ta Lam,010213
បន្ទាយមានជ័យ,Banteay Meanchey,010000,ភ្នំស្រុក,Phnum Srok,010300,ណាំតៅ,Nam Tau,010301
បន្ទាយមានជ័យ,Banteay Meanchey,010000,ភ្នំស្រុក,Phnum Srok,010300,ប៉ោយចារ,Paoy Char,010302
បន្ទាយមានជ័យ,Banteay Meanchey,010000,ភ្នំស្រុក,Phnum Srok,010300,ពន្លៃ,Ponley,010303
បន្ទាយមានជ័យ,Banteay Meanchey,010000,ភ្នំស្រុក,Phnum Srok,010300,ស្ពានស្រែង,Spean Sraeng,010304
បន្ទាយមានជ័យ,Banteay Meanchey,010000,ភ្នំស្រុក,Phnum Srok,010300,ស្រះជីក,Srah Chik,010305
បន្ទាយមានជ័យ,Banteay Meanchey,010000,ភ្នំស្រុក,Phnum Srok,010300,ភ្នំដី,Phnum Dei,010306
បន្ទាយមានជ័យ,Banteay Meanchey,010000,ព្រះនេត្រព្រះ,Preah Netr Preah,010400,ឈ្នួរមានជ័យ,Chnuor Mean Chey,010401
បន្ទាយមានជ័យ,Banteay Meanchey,010000,ព្រះនេត្រព្រះ,Preah Netr Preah,010400,ជប់វារី,Chob Vari,010402
បន្ទាយមានជ័យ,Banteay Meanchey,010000,ព្រះនេត្រព្រះ,Preah Netr Preah,010400,ភ្នំលៀប,Phnum Lieb,010403
បន្ទាយមានជ័យ,Banteay Meanchey,010000,ព្រះនេត្រព្រះ,Preah Netr Preah,010400,ប្រាសាទ,Prasat,010404
បន្ទាយមានជ័យ,Banteay Meanchey,010000,ព្រះនេត្រព្រះ,Preah Netr Preah,010400,ព្រះនេត្រព្រះ,Preah Netr Preah,010405
បន្ទាយមានជ័យ,Banteay Meanchey,010000,ព្រះនេត្រព្រះ,Preah Netr Preah,010400,រហាល,Rohal,010406
បន្ទាយមានជ័យ,Banteay Meanchey,010000,ព្រះនេត្រព្រះ,Preah Netr Preah,010400,ទានកាំ,Tean Kam,010407
បន្ទាយមានជ័យ,Banteay Meanchey,010000,ព្រះនេត្រព្រះ,Preah Netr Preah,010400,ទឹកជោរ,Tuek Chour,010408
បន្ទាយមានជ័យ,Banteay Meanchey,010000,ព្រះនេត្រព្រះ,Preah Netr Preah,010400,បុស្បូវ,Bos Sbouv,010409
បន្ទាយមានជ័យ,Banteay Meanchey,010000,អូរជ្រៅ,Ou Chrov,010500,ចង្ហា,Changha,010501
បន្ទាយមានជ័យ,Banteay Meanchey,010000,អូរជ្រៅ,Ou Chrov,010500,កូប,Koub,010502
បន្ទាយមានជ័យ,Banteay Meanchey,010000,អូរជ្រៅ,Ou Chrov,010500,គុត្តសត,Kuttaksat,010503
បន្ទាយមានជ័យ,Banteay Meanchey,010000,អូរជ្រៅ,Ou Chrov,010500,សំរោង,Samraong,010505
បន្ទាយមានជ័យ,Banteay Meanchey,010000,អូរជ្រៅ,Ou Chrov,010500,សូភី,Souphi,010506
បន្ទាយមានជ័យ,Banteay Meanchey,010000,អូរជ្រៅ,Ou Chrov,010500,សឹង្ហ,Soeng,010507
បន្ទាយមានជ័យ,Banteay Meanchey,010000,អូរជ្រៅ,Ou Chrov,010500,អូរបីជាន់,Ou Beichoan,010509
បន្ទាយមានជ័យ,Banteay Meanchey,010000,ក្រុង សិរីសោភ័ណ,Serei Saophoan,010600,សង្កាត់ កំពង់ស្វាយ,Sangkat Kampong Svay,010602
បន្ទាយមានជ័យ,Banteay Meanchey,010000,ក្រុង សិរីសោភ័ណ,Serei Saophoan,010600,សង្កាត់ កោះពងសត្វ,Sangkat Kaoh Pong Sat,010603
បន្ទាយមានជ័យ,Banteay Meanchey,010000,ក្រុង សិរីសោភ័ណ,Serei Saophoan,010600,សង្កាត់ ម្កាក់,Sangkat Mkak,010604
បន្ទាយមានជ័យ,Banteay Meanchey,010000,ក្រុង សិរីសោភ័ណ,Serei Saophoan,010600,សង្កាត់ អូរអំបិល,Sangkat Ou Ambel,010605
បន្ទាយមានជ័យ,Banteay Meanchey,010000,ក្រុង សិរីសោភ័ណ,Serei Saophoan,010600,សង្កាត់ ភ្នៀត,Sangkat Phniet,010606
បន្ទាយមានជ័យ,Banteay Meanchey,010000,ក្រុង សិរីសោភ័ណ,Serei Saophoan,010600,សង្កាត់ ព្រះពន្លា,Sangkat Preah Punlea,010607
បន្ទាយមានជ័យ,Banteay Meanchey,010000,ក្រុង សិរីសោភ័ណ,Serei Saophoan,010600,សង្កាត់ ទឹកថ្លា,Sangkat Tuek Thla,010608
បន្ទាយមានជ័យ,Banteay Meanchey,010000,ថ្មពួក,Thma Puok,010700,បន្ទាយឆ្មារ,Banteay Chhmar,010701
បន្ទាយមានជ័យ,Banteay Meanchey,010000,ថ្មពួក,Thma Puok,010700,គោករមៀត,Kouk Romiet,010702
បន្ទាយមានជ័យ,Banteay Meanchey,010000,ថ្មពួក,Thma Puok,010700,ភូមិថ្មី,Phum Thmei,010703
បន្ទាយមានជ័យ,Banteay Meanchey,010000,ថ្មពួក,Thma Puok,010700,ថ្មពួក,Thma Puok,010704
បន្ទាយមានជ័យ,Banteay Meanchey,010000,ថ្មពួក,Thma Puok,010700,គោកកឋិន,Kouk Kakthen,010705
បន្ទាយមានជ័យ,Banteay Meanchey,010000,ថ្មពួក,Thma Puok,010700,គំរូ,Kumru,010706
បន្ទាយមានជ័យ,Banteay Meanchey,010000,ស្វាយចេក,Svay Chek,010800,ផ្គាំ,Phkoam,010801
បន្ទាយមានជ័យ,Banteay Meanchey,010000,ស្វាយចេក,Svay Chek,010800,សារង្ស,Sarung,010802
បន្ទាយមានជ័យ,Banteay Meanchey,010000,ស្វាយចេក,Svay Chek,010800,ស្លក្រាម,Sla Kram,010803
បន្ទាយមានជ័យ,Banteay Meanchey,010000,ស្វាយចេក,Svay Chek,010800,ស្វាយចេក,Svay Chek,010804
បន្ទាយមានជ័យ,Banteay Meanchey,010000,ស្វាយចេក,Svay Chek,010800,តាបែន,Ta Baen,010805
បន្ទាយមានជ័យ,Banteay Meanchey,010000,ស្វាយចេក,Svay Chek,010800,តាផូ,Ta Phou,010806
បន្ទាយមានជ័យ,Banteay Meanchey,010000,ស្វាយចេក,Svay Chek,010800,ទ្រាស,Treas,010807
បន្ទាយមានជ័យ,Banteay Meanchey,010000,ស្វាយចេក,Svay Chek,010800,រលួស,Roluos,010808
បន្ទាយមានជ័យ,Banteay Meanchey,010000,ម៉ាឡៃ,Malai,010900,បឹងបេង,Boeng Beng,010901
បន្ទាយមានជ័យ,Banteay Meanchey,010000,ម៉ាឡៃ,Malai,010900,ម៉ាឡៃ,Malai,010902
បន្ទាយមានជ័យ,Banteay Meanchey,010000,ម៉ាឡៃ,Malai,010900,អូរសំព័រ,Ou Sampoar,010903
បន្ទាយមានជ័យ,Banteay Meanchey,010000,ម៉ាឡៃ,Malai,010900,អូរស្រឡៅ,Ou Sralau,010904
បន្ទាយមានជ័យ,Banteay Meanchey,010000,ម៉ាឡៃ,Malai,010900,ទួលពង្រ,Tuol Pungro,010905
បន្ទាយមានជ័យ,Banteay Meanchey,010000,ម៉ាឡៃ,Malai,010900,តាគង់,Ta Kung,010906
បន្ទាយមានជ័យ,Banteay Meanchey,010000,ក្រុង ប៉ោយប៉ែត,Paoy Paet,011000,សង្កាត់ និមិត្ត,Sangkat Niimit,011001
បន្ទាយមានជ័យ,Banteay Meanchey,010000,ក្រុង ប៉ោយប៉ែត,Paoy Paet,011000,សង្កាត់ ប៉ោយប៉ែត,Sangkat Paoy Paet,011002
បន្ទាយមានជ័យ,Banteay Meanchey,010000,ក្រុង ប៉ោយប៉ែត,Paoy Paet,011000,សង្កាត់ ផ្សារកណ្ដាល,Sangkat Phsar Kandal,011003
បន្ទាយមានជ័យ,Banteay Meanchey,010000,ក្រុង ប៉ោយប៉ែត,Paoy Paet,011000,សង្កាត់ អូរជ្រៅ,Sangkat Ou Chrov,011004
បន្ទាយមានជ័យ,Banteay Meanchey,010000,ក្រុង ប៉ោយប៉ែត,Paoy Paet,011000,សង្កាត់ អូរឫស្សី,Sangkat Ou Ruessei,011005
បាត់ដំបង,Battambang,020000,បាណន់,Banan,020100,កន្ទឺ ១,Kantueu Muoy,020101
បាត់ដំបង,Battambang,020000,បាណន់,Banan,020100,កន្ទឺ ២,Kantueu Pir,020102
បាត់ដំបង,Battambang,020000,បាណន់,Banan,020100,បាយដំរាំ,Bay Damram,020103
បាត់ដំបង,Battambang,020000,បាណន់,Banan,020100,ឈើទាល,Chheu Teal,020104
បាត់ដំបង,Battambang,020000,បាណន់,Banan,020100,ចែងមានជ័យ,Chaeng Mean Chey,020105
បាត់ដំបង,Battambang,020000,បាណន់,Banan,020100,ភ្នំសំពៅ,Phnum Sampov,020106
បាត់ដំបង,Battambang,020000,បាណន់,Banan,020100,ស្នឹង,Snoeng,020107
បាត់ដំបង,Battambang,020000,បាណន់,Banan,020100,តាគ្រាម,Ta Kream,020108
បាត់ដំបង,Battambang,020000,ថ្មគោល,Thma Koul,020200,តាពូង,Ta Pung,020201
បាត់ដំបង,Battambang,020000,ថ្មគោល,Thma Koul,020200,តាម៉ឺន,Ta Meun,020202
បាត់ដំបង,Battambang,020000,ថ្មគោល,Thma Koul,020200,អូរតាគី,Ou Ta Ki,020203
បាត់ដំបង,Battambang,020000,ថ្មគោល,Thma Koul,020200,ជ្រៃ,Chrey,020204
បាត់ដំបង,Battambang,020000,ថ្មគោល,Thma Koul,020200,អន្លង់រុន,Anlung Run,020205
បាត់ដំបង,Battambang,020000,ថ្មគោល,Thma Koul,020200,ជ្រោយស្តៅ,Chrouy Sdau,020206
បាត់ដំបង,Battambang,020000,ថ្មគោល,Thma Koul,020200,បឹងព្រីង,Boeng Pring,020207
បាត់ដំបង,Battambang,020000,ថ្មគោល,Thma Koul,020200,គោកឃ្មុំ,Kouk Khmum,020208
បាត់ដំបង,Battambang,020000,ថ្មគោល,Thma Koul,020200,បន្សាយត្រែង,Bansay Traeng,020209
បាត់ដំបង,Battambang,020000,ថ្មគោល,Thma Koul,020200,រុងជ្រៃ,Rung Chrey,020210
បាត់ដំបង,Battambang,020000,ក្រុង បាត់ដំបង,Bat Dambang,020300,សង្កាត់ ទួលតាឯក,Sangkat Tuol Ta Aek,020301
បាត់ដំបង,Battambang,020000,ក្រុង បាត់ដំបង,Bat Dambang,020300,សង្កាត់ ព្រែកព្រះស្តេច,Sangkat Preaek Preah Sdach,020302
បាត់ដំបង,Battambang,020000,ក្រុង បាត់ដំបង,Bat Dambang,020300,សង្កាត់ រតនៈ,Sangkat Rottaknak,020303
បាត់ដំបង,Battambang,020000,ក្រុង បាត់ដំបង,Bat Dambang,020300,សង្កាត់ ចំការសំរោង,Sangkat Chamkar Samraong,020304
បាត់ដំបង,Battambang,020000,ក្រុង បាត់ដំបង,Bat Dambang,020300,សង្កាត់ ស្លាកែត,Sangkat Sla Kaet,020305
បាត់ដំបង,Battambang,020000,ក្រុង បាត់ដំបង,Bat Dambang,020300,សង្កាត់ ក្តុលដូនទាវ,Sangkat Kdol Doun Teav,020306
បាត់ដំបង,Battambang,020000,ក្រុង បាត់ដំបង,Bat Dambang,020300,សង្កាត់ អូរម៉ាល់,Sangkat Ou Mal,020307
បាត់ដំបង,Battambang,020000,ក្រុង បាត់ដំបង,Bat Dambang,020300,សង្កាត់ វត្តគរ,Sangkat Voat Kor,020308
បាត់ដំបង,Battambang,020000,ក្រុង បាត់ដំបង,Bat Dambang,020300,សង្កាត់ អូរចារ,Sangkat Ou Char,020309
បាត់ដំបង,Battambang,020000,ក្រុង បាត់ដំបង,Bat Dambang,020300,សង្កាត់ ស្វាយប៉ោ,Sangkat Svay Pao,020310
បាត់ដំបង,Battambang,020000,បវេល,Bavel,020400,បវេល,Bavel,020401
បាត់ដំបង,Battambang,020000,បវេល,Bavel,020400,ខ្នាចរមាស,Khnach Romeas,020402
បាត់ដំបង,Battambang,020000,បវេល,Bavel,020400,ល្វា,Lvea,020403
បាត់ដំបង,Battambang,020000,បវេល,Bavel,020400,ព្រៃខ្ពស់,Prey Khpuos,020404
បាត់ដំបង,Battambang,020000,បវេល,Bavel,020400,អំពិលប្រាំដើម,Ampil Pram Daeum,020405
បាត់ដំបង,Battambang,020000,បវេល,Bavel,020400,ក្តុលតាហែន,Kdol Ta Haen,020406
បាត់ដំបង,Battambang,020000,បវេល,Bavel,020400,បឹងប្រាំ,Boeng Pram,020407
បាត់ដំបង,Battambang,020000,បវេល,Bavel,020400,ឃ្លាំងមាស,Khleang Meas,020408
បាត់ដំបង,Battambang,020000,បវេល,Bavel,020400,បួវិល,Buovel,020409
បាត់ដំបង,Battambang,020000,ឯកភ្នំ,Ek Phnum,020500,ព្រែកនរិន្ទ,Preaek Norint,020501
បាត់ដំបង,Battambang,020000,ឯកភ្នំ,Ek Phnum,020500,សំរោងក្នុង,Samraong Knong,020502
បាត់ដំបង,Battambang,020000,ឯកភ្នំ,Ek Phnum,020500,ព្រែកខ្ពប,Preaek Khpob,020503
បាត់ដំបង,Battambang,020000,ឯកភ្នំ,Ek Phnum,020500,ព្រែកហ្លួង,Preaek Luong,020504
បាត់ដំបង,Battambang,020000,ឯកភ្នំ,Ek Phnum,020500,ពាមឯក,Peam Aek,020505
បាត់ដំបង,Battambang,020000,ឯកភ្នំ,Ek Phnum,020500,ព្រៃចាស់,Prey Chas,020506
បាត់ដំបង,Battambang,020000,ឯកភ្នំ,Ek Phnum,020500,កោះជីវាំង,Kaoh Chiveang,020507
បាត់ដំបង,Battambang,020000,មោងឫស្សី,Moung Ruessei,020600,មោង,Moung,020601
បាត់ដំបង,Battambang,020000,មោងឫស្សី,Moung Ruessei,020600,គារ,Kear,020602
បាត់ដំបង,Battambang,020000,មោងឫស្សី,Moung Ruessei,020600,ព្រៃស្វាយ,Prey Svay,020603
បាត់ដំបង,Battambang,020000,មោងឫស្សី,Moung Ruessei,020600,ប្ញស្សីក្រាំង,Ruessei Krang,020604
បាត់ដំបង,Battambang,020000,មោងឫស្សី,Moung Ruessei,020600,ជ្រៃ,Chrey,020605
បាត់ដំបង,Battambang,020000,មោងឫស្សី,Moung Ruessei,020600,តាលាស់,Ta Loas,020606
បាត់ដំបង,Battambang,020000,មោងឫស្សី,Moung Ruessei,020600,កកោះ,Kakaoh,020607
បាត់ដំបង,Battambang,020000,មោងឫស្សី,Moung Ruessei,020600,ព្រៃតូច,Prey Touch,020608
បាត់ដំបង,Battambang,020000,មោងឫស្សី,Moung Ruessei,020600,របស់មង្គល,Robas Mangkul,020609
បាត់ដំបង,Battambang,020000,រតនមណ្ឌល,Rotanak Mundul,020700,ស្តៅ,Sdau,020701
បាត់ដំបង,Battambang,020000,រតនមណ្ឌល,Rotanak Mundul,020700,អណ្តើកហែប,Andaeuk Haeb,020702
បាត់ដំបង,Battambang,020000,រតនមណ្ឌល,Rotanak Mundul,020700,ផ្លូវមាស,Phlouv Meas,020703
បាត់ដំបង,Battambang,020000,រតនមណ្ឌល,Rotanak Mundul,020700,ត្រែង,Traeng,020704
បាត់ដំបង,Battambang,020000,រតនមណ្ឌល,Rotanak Mundul,020700,រស្មីសង្ហារ,Reaksmei Sangha,020705
បាត់ដំបង,Battambang,020000,ស្រុក សង្កែ,Sangkae,020800,ឃុំ អន្លង់វិល,Anlung Vil,020801
បាត់ដំបង,Battambang,020000,ស្រុក សង្កែ,Sangkae,020800,ឃុំ នរា,Norea,020802
បាត់ដំបង,Battambang,020000,ស្រុក សង្កែ,Sangkae,020800,ឃុំ តាប៉ុន,Ta Pon,020803
បាត់ដំបង,Battambang,020000,ស្រុក សង្កែ,Sangkae,020800,ឃុំ រកា,Roka,020804
បាត់ដំបង,Battambang,020000,ស្រុក សង្កែ,Sangkae,020800,ឃុំ កំពង់ព្រះ,Kampong Preah,020805
បាត់ដំបង,Battambang,020000,ស្រុក សង្កែ,Sangkae,020800,ឃុំ កំពង់ព្រៀង,Kampong Prieng,020806
បាត់ដំបង,Battambang,020000,ស្រុក សង្កែ,Sangkae,020800,ឃុំ រាំងកេសី,Reang Kesei,020807
បាត់ដំបង,Battambang,020000,ស្រុក សង្កែ,Sangkae,020800,ឃុំ អូដំបង ១,Ou Dambang Muoy,020808
បាត់ដំបង,Battambang,020000,ស្រុក សង្កែ,Sangkae,020800,ឃុំ អូដំបង ២,Ou Dambang Pir,020809
បាត់ដំបង,Battambang,020000,ស្រុក សង្កែ,Sangkae,020800,ឃុំ វត្តតាមិម,Vaot Ta Muem,020810
បាត់ដំបង,Battambang,020000,ស្រុក សំឡូត,Samlout,020900,ឃុំ តាតោក,Ta Taok,020901
បាត់ដំបង,Battambang,020000,ស្រុក សំឡូត,Samlout,020900,ឃុំ កំពង់ល្ពៅ,Kampong Lpov,020902
បាត់ដំបង,Battambang,020000,ស្រុក សំឡូត,Samlout,020900,ឃុំ អូរសំរិល,Ou Samrel,020903
បាត់ដំបង,Battambang,020000,ស្រុក សំឡូត,Samlout,020900,ឃុំ ស៊ុង,Sung,020904
បាត់ដំបង,Battambang,020000,ស្រុក សំឡូត,Samlout,020900,ឃុំ សំឡូត,Samlout,020905
បាត់ដំបង,Battambang,020000,ស្រុក សំឡូត,Samlout,020900,ឃុំ មានជ័យ,Mean Chey,020906
បាត់ដំបង,Battambang,020000,ស្រុក សំឡូត,Samlout,020900,ឃុំ តាសាញ,Ta Sanh,020907
បាត់ដំបង,Battambang,020000,ស្រុក សំពៅលូន,Sampov Lun,021000,ឃុំ សំពៅលូន,Sampov Lun,021001
បាត់ដំបង,Battambang,020000,ស្រុក សំពៅលូន,Sampov Lun,021000,ឃុំ អង្គរបាន,Angkor Ban,021002
បាត់ដំបង,Battambang,020000,ស្រុក សំពៅលូន,Sampov Lun,021000,ឃុំ តាសា្ដ,Ta Sda,021003
បាត់ដំបង,Battambang,020000,ស្រុក សំពៅលូន,Sampov Lun,021000,ឃុំ សន្តិភាព,Santepheap,021004
បាត់ដំបង,Battambang,020000,ស្រុក សំពៅលូន,Sampov Lun,021000,ឃុំ សេរីមានជ័យ,Serei Mean Chey,021005
បាត់ដំបង,Battambang,020000,ស្រុក សំពៅលូន,Sampov Lun,021000,ឃុំ ជ្រៃសីមា,Chrey Seima,021006
បាត់ដំបង,Battambang,020000,ស្រុក ភ្នំព្រឹក,Phnum Proek,021100,ឃុំ ភ្នំព្រឹក,Phnum Proek,021101
បាត់ដំបង,Battambang,020000,ស្រុក ភ្នំព្រឹក,Phnum Proek,021100,ឃុំ ពេជ្រចិន្ដា,Pech Chenda,021102
បាត់ដំបង,Battambang,020000,ស្រុក ភ្នំព្រឹក,Phnum Proek,021100,ឃុំ បារាំងធ្លាក់,Barang Thleak,021104
បាត់ដំបង,Battambang,020000,ស្រុក ភ្នំព្រឹក,Phnum Proek,021100,ឃុំ អូររំដួល,Ou Rumduol,021105
បាត់ដំបង,Battambang,020000,ស្រុក ភ្នំព្រឹក,Phnum Proek,021100,ឃុំ បួរ,Buor,021106
បាត់ដំបង,Battambang,020000,ស្រុក កំរៀង,Kamrieng,021200,ឃុំ កំរៀង,Kamrieng,021201
បាត់ដំបង,Battambang,020000,ស្រុក កំរៀង,Kamrieng,021200,ឃុំ បឹងរាំង,Boeng Reang,021202
បាត់ដំបង,Battambang,020000,ស្រុក កំរៀង,Kamrieng,021200,ឃុំ អូរដា,Ou Da,021203
បាត់ដំបង,Battambang,020000,ស្រុក កំរៀង,Kamrieng,021200,ឃុំ ត្រាង,Trang,021204
បាត់ដំបង,Battambang,020000,ស្រុក កំរៀង,Kamrieng,021200,ឃុំ តាសែន,Ta Saen,021205
បាត់ដំបង,Battambang,020000,ស្រុក កំរៀង,Kamrieng,021200,ឃុំ តាក្រី,Ta Krei,021206
បាត់ដំបង,Battambang,020000,ស្រុក គាស់ក្រឡ,Koas Krala,021300,ឃុំ ធិបតី,Thibpakdei,021301
បាត់ដំបង,Battambang,020000,ស្រុក គាស់ក្រឡ,Koas Krala,021300,ឃុំ គាស់ក្រឡ,Kaos Krala,021302
បាត់ដំបង,Battambang,020000,ស្រុក គាស់ក្រឡ,Koas Krala,021300,ឃុំ ហាប់,Hab,021303
បាត់ដំបង,Battambang,020000,ស្រុក គាស់ក្រឡ,Koas Krala,021300,ឃុំ ព្រះផុស,Preah Phos,021304
បាត់ដំបង,Battambang,020000,ស្រុក គាស់ក្រឡ,Koas Krala,021300,ឃុំ ដូនបា,Doun Ba,021305
បាត់ដំបង,Battambang,020000,ស្រុក គាស់ក្រឡ,Koas Krala,021300,ឃុំ ឆ្នាល់មាន់,Chhnal Moan,021306
បាត់ដំបង,Battambang,020000,ស្រុក រុក្ខគិរី,Rukhak Kiri,021400,ឃុំ ព្រែកជីក,Preaek Chik,021401
បាត់ដំបង,Battambang,020000,ស្រុក រុក្ខគិរី,Rukhak Kiri,021400,ឃុំ ព្រៃត្រឡាច,Prey Tralach,021402
បាត់ដំបង,Battambang,020000,ស្រុក រុក្ខគិរី,Rukhak Kiri,021400,ឃុំ បាសាក់,Basak,021403
បាត់ដំបង,Battambang,020000,ស្រុក រុក្ខគិរី,Rukhak Kiri,021400,ឃុំ មុខរាហ៍,Mukh Rea,021404
បាត់ដំបង,Battambang,020000,ស្រុក រុក្ខគិរី,Rukhak Kiri,021400,ឃុំ ស្ដុកប្រវឹក,Sdok Pravoek,021405
ខេត្ត កំពង់ចាម,Kampong Cham,030000,ស្រុក បាធាយ,Batheay,030100,ឃុំ បាធាយ,Batheay,030101
ខេត្ត កំពង់ចាម,Kampong Cham,030000,ស្រុក បាធាយ,Batheay,030100,ឃុំ ច្បារអំពៅ,Chbar Ampov,030102
ខេត្ត កំពង់ចាម,Kampong Cham,030000,ស្រុក បាធាយ,Batheay,030100,ឃុំ ជាលា,Chealea,030103
ខេត្ត កំពង់ចាម,Kampong Cham,030000,ស្រុក បាធាយ,Batheay,030100,ឃុំ ជើងព្រៃ,Cheung Prey,030104
ខេត្ត កំពង់ចាម,Kampong Cham,030000,ស្រុក បាធាយ,Batheay,030100,ឃុំ មេព្រីង,Me Pring,030105
ខេត្ត កំពង់ចាម,Kampong Cham,030000,ស្រុក បាធាយ,Batheay,030100,ឃុំ ផ្អាវ,Ph'av,030106
ខេត្ត កំពង់ចាម,Kampong Cham,030000,ស្រុក បាធាយ,Batheay,030100,ឃុំ សំបូរ,Sambour,030107
ខេត្ត កំពង់ចាម,Kampong Cham,030000,ស្រុក បាធាយ,Batheay,030100,ឃុំ សណ្ដែក,Sandaek,030108
ខេត្ត កំពង់ចាម,Kampong Cham,030000,ស្រុក បាធាយ,Batheay,030100,ឃុំ តាំងក្រាំង,Tang Krang,030109
ខេត្ត កំពង់ចាម,Kampong Cham,030000,ស្រុក បាធាយ,Batheay,030100,ឃុំ តាំងក្រសាំង,Tang Krasang,030110
ខេត្ត កំពង់ចាម,Kampong Cham,030000,ស្រុក បាធាយ,Batheay,030100,ឃុំ ត្រប់,Trab,030111
ខេត្ត កំពង់ចាម,Kampong Cham,030000,ស្រុក បាធាយ,Batheay,030100,ឃុំ ទំនប់,Tumnub,030112
ខេត្ត កំពង់ចាម,Kampong Cham,030000,ស្រុក ចំការលើ,Chamkar Leu,030200,ឃុំ បុសខ្នុរ,Bos Khnor,030201
ខេត្ត កំពង់ចាម,Kampong Cham,030000,ស្រុក ចំការលើ,Chamkar Leu,030200,ឃុំ ចំការអណ្តូង,Chamkar Andoung,030202
ខេត្ត កំពង់ចាម,Kampong Cham,030000,ស្រុក ចំការលើ,Chamkar Leu,030200,ឃុំ ជយោ,Cheyyou,030203
ខេត្ត កំពង់ចាម,Kampong Cham,030000,ស្រុក ចំការលើ,Chamkar Leu,030200,ឃុំ ល្វាលើ,Lvea Leu,030204
ខេត្ត កំពង់ចាម,Kampong Cham,030000,ស្រុក ចំការលើ,Chamkar Leu,030200,ឃុំ ស្ពឺ,Spueu,030205
ខេត្ត កំពង់ចាម,Kampong Cham,030000,ស្រុក ចំការលើ,Chamkar Leu,030200,ឃុំ ស្វាយទាប,Svay Teab,030206
ខេត្ត កំពង់ចាម,Kampong Cham,030000,ស្រុក ចំការលើ,Chamkar Leu,030200,ឃុំ តាអុង,Ta Ong,030207
ខេត្ត កំពង់ចាម,Kampong Cham,030000,ស្រុក ចំការលើ,Chamkar Leu,030200,ឃុំ តាប្រុក,Ta Prok,030208
ខេត្ត កំពង់ចាម,Kampong Cham,030000,ស្រុក ជើងព្រៃ,Cheung Prey,030300,ឃុំ ខ្នុរដំបង,Khnor Dambang,030301
ខេត្ត កំពង់ចាម,Kampong Cham,030000,ស្រុក ជើងព្រៃ,Cheung Prey,030300,ឃុំ គោករវៀង,Kouk Rovieng,030302
ខេត្ត កំពង់ចាម,Kampong Cham,030000,ស្រុក ជើងព្រៃ,Cheung Prey,030300,ឃុំ ផ្ដៅជុំ,Phdau Chum,030303
ខេត្ត កំពង់ចាម,Kampong Cham,030000,ស្រុក ជើងព្រៃ,Cheung Prey,030300,ឃុំ ព្រៃចារ,Prey Char,030304
ខេត្ត កំពង់ចាម,Kampong Cham,030000,ស្រុក ជើងព្រៃ,Cheung Prey,030300,ឃុំ ព្រីងជ្រុំ,Pring Chrum,030305
ខេត្ត កំពង់ចាម,Kampong Cham,030000,ស្រុក ជើងព្រៃ,Cheung Prey,030300,ឃុំ សំពងជ័យ,Sampong Chey,030306
ខេត្ត កំពង់ចាម,Kampong Cham,030000,ស្រុក ជើងព្រៃ,Cheung Prey,030300,ឃុំ ស្ដើងជ័យ,Sdaeung Chey,030307
ខេត្ត កំពង់ចាម,Kampong Cham,030000,ស្រុក ជើងព្រៃ,Cheung Prey,030300,ឃុំ សូទិប,Soutib,030308
ខេត្ត កំពង់ចាម,Kampong Cham,030000,ស្រុក ជើងព្រៃ,Cheung Prey,030300,ឃុំ ស្រមរ,Sramar,030309
ខេត្ត កំពង់ចាម,Kampong Cham,030000,ស្រុក ជើងព្រៃ,Cheung Prey,030300,ឃុំ ត្រពាំងគរ,Trapeang Kor,030310
ខេត្ត កំពង់ចាម,Kampong Cham,030000,ក្រុង កំពង់ចាម,Kampong Cham,030500,សង្កាត់ បឹងកុក,Sangkat Boeng Kok,030501
ខេត្ត កំពង់ចាម,Kampong Cham,030000,ក្រុង កំពង់ចាម,Kampong Cham,030500,សង្កាត់ កំពង់ចាម,Sangkat Kampong Cham,030502
ខេត្ត កំពង់ចាម,Kampong Cham,030000,ក្រុង កំពង់ចាម,Kampong Cham,030500,សង្កាត់ សំបួរមាស,Sangkat Sambuor Meas,030503
ខេត្ត កំពង់ចាម,Kampong Cham,030000,ក្រុង កំពង់ចាម,Kampong Cham,030500,សង្កាត់ វាលវង់,Sangkat Veal Vung,030504
ខេត្ត កំពង់ចាម,Kampong Cham,030000,ស្រុក កំពង់សៀម,Kampong Siem,030600,ឃុំ អំពិល,Ampil,030601
ខេត្ត កំពង់ចាម,Kampong Cham,030000,ស្រុក កំពង់សៀម,Kampong Siem,030600,ឃុំ ហាន់ជ័យ,Hanchey,030602
ខេត្ត កំពង់ចាម,Kampong Cham,030000,ស្រុក កំពង់សៀម,Kampong Siem,030600,ឃុំ កៀនជ្រៃ,Kien Chrey,030603
ខេត្ត កំពង់ចាម,Kampong Cham,030000,ស្រុក កំពង់សៀម,Kampong Siem,030600,ឃុំ គគរ,Kokor,030604
ខេត្ត កំពង់ចាម,Kampong Cham,030000,ស្រុក កំពង់សៀម,Kampong Siem,030600,ឃុំ កោះមិត្ត,Kaoh Mit,030605
ខេត្ត កំពង់ចាម,Kampong Cham,030000,ស្រុក កំពង់សៀម,Kampong Siem,030600,ឃុំ កោះរកា,Kaoh Roka,030606
ខេត្ត កំពង់ចាម,Kampong Cham,030000,ស្រុក កំពង់សៀម,Kampong Siem,030600,ឃុំ កោះសំរោង,Kaoh Samraong,030607
ខេត្ត កំពង់ចាម,Kampong Cham,030000,ស្រុក កំពង់សៀម,Kampong Siem,030600,ឃុំ កោះទន្ទឹម,Kaoh Tontuem,030608
ខេត្ត កំពង់ចាម,Kampong Cham,030000,ស្រុក កំពង់សៀម,Kampong Siem,030600,ឃុំ ក្រឡា,Krala,030609
ខេត្ត កំពង់ចាម,Kampong Cham,030000,ស្រុក កំពង់សៀម,Kampong Siem,030600,ឃុំ អូស្វាយ,Ou Svay,030610
ខេត្ត កំពង់ចាម,Kampong Cham,030000,ស្រុក កំពង់សៀម,Kampong Siem,030600,ឃុំ រអាង,Ro'ang,030611
ខេត្ត កំពង់ចាម,Kampong Cham,030000,ស្រុក កំពង់សៀម,Kampong Siem,030600,ឃុំ រំចេក,Rumchek,030612
ខេត្ត កំពង់ចាម,Kampong Cham,030000,ស្រុក កំពង់សៀម,Kampong Siem,030600,ឃុំ ស្រក,Srak,030613
ខេត្ត កំពង់ចាម,Kampong Cham,030000,ស្រុក កំពង់សៀម,Kampong Siem,030600,ឃុំ ត្រាន,Trean,030614
ខេត្ត កំពង់ចាម,Kampong Cham,030000,ស្រុក កំពង់សៀម,Kampong Siem,030600,ឃុំ វិហារធំ,Vihea Thum,030615
ខេត្ត កំពង់ចាម,Kampong Cham,030000,ស្រុក កងមាស,Kang Meas,030700,ឃុំ អង្គរបាន,Angkor Ban,030701
ខេត្ត កំពង់ចាម,Kampong Cham,030000,ស្រុក កងមាស,Kang Meas,030700,ឃុំ កងតាណឹង,Kang Ta Noeng,030702
ខេត្ត កំពង់ចាម,Kampong Cham,030000,ស្រុក កងមាស,Kang Meas,030700,ឃុំ ខ្ចៅ,Khchau,030703
ខេត្ត កំពង់ចាម,Kampong Cham,030000,ស្រុក កងមាស,Kang Meas,030700,ឃុំ ពាមជីកង,Peam Chi Kang,030704
ខេត្ត កំពង់ចាម,Kampong Cham,030000,ស្រុក កងមាស,Kang Meas,030700,ឃុំ ព្រែកកុយ,Preaek Koy,030705
ខេត្ត កំពង់ចាម,Kampong Cham,030000,ស្រុក កងមាស,Kang Meas,030700,ឃុំ ព្រែកក្របៅ,Preaek Krabau,030706
ខេត្ត កំពង់ចាម,Kampong Cham,030000,ស្រុក កងមាស,Kang Meas,030700,ឃុំ រាយប៉ាយ,Reay Pay,030707
ខេត្ត កំពង់ចាម,Kampong Cham,030000,ស្រុក កងមាស,Kang Meas,030700,ឃុំ រកាអារ,Roka Ar,030708
ខេត្ត កំពង់ចាម,Kampong Cham,030000,ស្រុក កងមាស,Kang Meas,030700,ឃុំ រកាគយ,Roka Koy,030709
ខេត្ត កំពង់ចាម,Kampong Cham,030000,ស្រុក កងមាស,Kang Meas,030700,ឃុំ ស្តៅ,Sdau,030710
ខេត្ត កំពង់ចាម,Kampong Cham,030000,ស្រុក កងមាស,Kang Meas,030700,ឃុំ សូរគង,Sou Kong,030711
ខេត្ត កំពង់ចាម,Kampong Cham,030000,ស្រុក កោះសូទិន,Kaoh Soutin,030800,ឃុំ កំពង់រាប,Kampong Reab,030801
ខេត្ត កំពង់ចាម,Kampong Cham,030000,ស្រុក កោះសូទិន,Kaoh Soutin,030800,ឃុំ កោះសូទិន,Kaoh Sotin,030802
ខេត្ត កំពង់ចាម,Kampong Cham,030000,ស្រុក កោះសូទិន,Kaoh Soutin,030800,ឃុំ ល្វេ,Lve,030803
ខេត្ត កំពង់ចាម,Kampong Cham,030000,ស្រុក កោះសូទិន,Kaoh Soutin,030800,ឃុំ មហាលាភ,Moha Leaph,030804
ខេត្ត កំពង់ចាម,Kampong Cham,030000,ស្រុក កោះសូទិន,Kaoh Soutin,030800,ឃុំ មហាខ្ញូង,Moha Khnhoung,030805
ខេត្ត កំពង់ចាម,Kampong Cham,030000,ស្រុក កោះសូទិន,Kaoh Soutin,030800,ឃុំ ពាមប្រធ្នោះ,Peam Prathnuoh,030806
ខេត្ត កំពង់ចាម,Kampong Cham,030000,ស្រុក កោះសូទិន,Kaoh Soutin,030800,ឃុំ ពង្រ,Pungro,030807
ខេត្ត កំពង់ចាម,Kampong Cham,030000,ស្រុក កោះសូទិន,Kaoh Soutin,030800,ឃុំ ព្រែកតានង់,Preaek Ta Nung,030808
ខេត្ត កំពង់ចាម,Kampong Cham,030000,ស្រុក ព្រៃឈរ,Prey Chhor,031300,ឃុំ បារាយណ៍,Baray,031301
ខេត្ត កំពង់ចាម,Kampong Cham,030000,ស្រុក ព្រៃឈរ,Prey Chhor,031300,ឃុំ បឹងណាយ,Boeng Nay,031302
ខេត្ត កំពង់ចាម,Kampong Cham,030000,ស្រុក ព្រៃឈរ,Prey Chhor,031300,ឃុំ ជ្រៃវៀន,Chrey Vien,031303
ខេត្ត កំពង់ចាម,Kampong Cham,030000,ស្រុក ព្រៃឈរ,Prey Chhor,031300,ឃុំ ខ្វិតធំ,Khvet Thum,031304
ខេត្ត កំពង់ចាម,Kampong Cham,030000,ស្រុក ព្រៃឈរ,Prey Chhor,031300,ឃុំ គរ,Kor,031305
ខេត្ត កំពង់ចាម,Kampong Cham,030000,ស្រុក ព្រៃឈរ,Prey Chhor,031300,ឃុំ ក្រូច,Krouch,031306
ខេត្ត កំពង់ចាម,Kampong Cham,030000,ស្រុក ព្រៃឈរ,Prey Chhor,031300,ឃុំ ល្វា,Lvea,031307
ខេត្ត កំពង់ចាម,Kampong Cham,030000,ស្រុក ព្រៃឈរ,Prey Chhor,031300,ឃុំ មៀន,Mien,031308
ខេត្ត កំពង់ចាម,Kampong Cham,030000,ស្រុក ព្រៃឈរ,Prey Chhor,031300,ឃុំ ព្រៃឈរ,Prey Chhor,031309
ខេត្ត កំពង់ចាម,Kampong Cham,030000,ស្រុក ព្រៃឈរ,Prey Chhor,031300,ឃុំ សូសែន្យ,Sou Saen,031310
ខេត្ត កំពង់ចាម,Kampong Cham,030000,ស្រុក ព្រៃឈរ,Prey Chhor,031300,ឃុំ សំរោង,Samraong,031311
ខេត្ត កំពង់ចាម,Kampong Cham,030000,ស្រុក ព្រៃឈរ,Prey Chhor,031300,ឃុំ ស្រង៉ែ,Srangae,031312
ខេត្ត កំពង់ចាម,Kampong Cham,030000,ស្រុក ព្រៃឈរ,Prey Chhor,031300,ឃុំ ថ្មពូន,Thma Pun,031313
ខេត្ត កំពង់ចាម,Kampong Cham,030000,ស្រុក ព្រៃឈរ,Prey Chhor,031300,ឃុំ តុងរ៉ុង,Tong Rong,031314
ខេត្ត កំពង់ចាម,Kampong Cham,030000,ស្រុក ព្រៃឈរ,Prey Chhor,031300,ឃុំ ត្រពាំងព្រះ,Trapeang Preah,031315
ខេត្ត កំពង់ចាម,Kampong Cham,030000,ស្រុក ស្រីសន្ធរ,Srei Santhor,031400,ឃុំ បារាយណ៍,Baray,031401
ខេត្ត កំពង់ចាម,Kampong Cham,030000,ស្រុក ស្រីសន្ធរ,Srei Santhor,031400,ឃុំ ជីបាល,Chi Bal,031402
ខេត្ត កំពង់ចាម,Kampong Cham,030000,ស្រុក ស្រីសន្ធរ,Srei Santhor,031400,ឃុំ ខ្នារស,Khnar Sa,031403
ខេត្ត កំពង់ចាម,Kampong Cham,030000,ស្រុក ស្រីសន្ធរ,Srei Santhor,031400,ឃុំ កោះអណ្ដែត,Kaoh Andaet,031404
ខេត្ត កំពង់ចាម,Kampong Cham,030000,ស្រុក ស្រីសន្ធរ,Srei Santhor,031400,ឃុំ មានជ័យ,Mean Chey,031405
ខេត្ត កំពង់ចាម,Kampong Cham,030000,ស្រុក ស្រីសន្ធរ,Srei Santhor,031400,ឃុំ ផ្ទះកណ្ដាល,Phteah Kandal,031406
ខេត្ត កំពង់ចាម,Kampong Cham,030000,ស្រុក ស្រីសន្ធរ,Srei Santhor,031400,ឃុំ ប្រាំយ៉ាម,Pram Yam,031407
ខេត្ត កំពង់ចាម,Kampong Cham,030000,ស្រុក ស្រីសន្ធរ,Srei Santhor,031400,ឃុំ ព្រែកដំបូក,Preaek Dambouk,031408
ខេត្ត កំពង់ចាម,Kampong Cham,030000,ស្រុក ស្រីសន្ធរ,Srei Santhor,031400,ឃុំ ព្រែកពោធិ,Preaek Pou,031409
ខេត្ត កំពង់ចាម,Kampong Cham,030000,ស្រុក ស្រីសន្ធរ,Srei Santhor,031400,ឃុំ ព្រែករំដេង,Preaek Rumdeng,031410
ខេត្ត កំពង់ចាម,Kampong Cham,030000,ស្រុក ស្រីសន្ធរ,Srei Santhor,031400,ឃុំ ប្ញស្សីស្រុក,Ruessei Srok,031411
ខេត្ត កំពង់ចាម,Kampong Cham,030000,ស្រុក ស្រីសន្ធរ,Srei Santhor,031400,ឃុំ ស្វាយពោធិ,Svay Pou,031412
ខេត្ត កំពង់ចាម,Kampong Cham,030000,ស្រុក ស្រីសន្ធរ,Srei Santhor,031400,ឃុំ ស្វាយខ្សាច់ភ្នំ,Svay Khsach Phnum,031413
ខេត្ត កំពង់ចាម,Kampong Cham,030000,ស្រុក ស្រីសន្ធរ,Srei Santhor,031400,ឃុំ ទងត្រឡាច,Tong Tralach,031414
ខេត្ត កំពង់ចាម,Kampong Cham,030000,ស្រុក ស្ទឹងត្រង់,Stueng Trang,031500,ឃុំ អារក្សត្នោត,Areak Tnaot,031501
ខេត្ត កំពង់ចាម,Kampong Cham,030000,ស្រុក ស្ទឹងត្រង់,Stueng Trang,031500,ឃុំ ដងក្ដារ,Dang Kdar,031503
ខេត្ត កំពង់ចាម,Kampong Cham,030000,ស្រុក ស្ទឹងត្រង់,Stueng Trang,031500,ឃុំ ខ្ពបតាងួន,Khpob Ta Nguon,031504
ខេត្ត កំពង់ចាម,Kampong Cham,030000,ស្រុក ស្ទឹងត្រង់,Stueng Trang,031500,ឃុំ មេសរជ្រៃ,Me Sar Chrey,031505
ខេត្ត កំពង់ចាម,Kampong Cham,030000,ស្រុក ស្ទឹងត្រង់,Stueng Trang,031500,ឃុំ អូរម្លូ,Ou Mlu,031506
ខេត្ត កំពង់ចាម,Kampong Cham,030000,ស្រុក ស្ទឹងត្រង់,Stueng Trang,031500,ឃុំ ពាមកោះស្នា,Peam Kaoh Sna,031507
ខេត្ត កំពង់ចាម,Kampong Cham,030000,ស្រុក ស្ទឹងត្រង់,Stueng Trang,031500,ឃុំ ព្រះអណ្តូង,Preah Andoung,031508
ខេត្ត កំពង់ចាម,Kampong Cham,030000,ស្រុក ស្ទឹងត្រង់,Stueng Trang,031500,ឃុំ ព្រែកបាក់,Preaek Bak,031509
ខេត្ត កំពង់ចាម,Kampong Cham,030000,ស្រុក ស្ទឹងត្រង់,Stueng Trang,031500,ឃុំ ព្រែកកក់,Preaek Kak,031510
ខេត្ត កំពង់ចាម,Kampong Cham,030000,ស្រុក ស្ទឹងត្រង់,Stueng Trang,031500,ឃុំ សូភី,Soupheas,031512
ខេត្ត កំពង់ចាម,Kampong Cham,030000,ស្រុក ស្ទឹងត្រង់,Stueng Trang,031500,ឃុំ ទួលព្រះឃ្លាំង,Tuol Preah Khleang,031513
ខេត្ត កំពង់ចាម,Kampong Cham,030000,ស្រុក ស្ទឹងត្រង់,Stueng Trang,031500,ឃុំ ទួលសំបូរ,Tuol Sambuor,031514
ខេត្ត កំពង់ឆ្នាំង,Kampong Chhnang,040000,ស្រុក បរិបូណ៌,Baribour,040100,ឃុំ អញ្ចាញរូង,Anhchanh Rung,040101
ខេត្ត កំពង់ឆ្នាំង,Kampong Chhnang,040000,ស្រុក បរិបូណ៌,Baribour,040100,ឃុំ ឆ្នុកទ្រូ,Chhnok Tru,040102
ខេត្ត កំពង់ឆ្នាំង,Kampong Chhnang,040000,ស្រុក បរិបូណ៌,Baribour,040100,ឃុំ ចក,Chak,040103
ខេត្ត កំពង់ឆ្នាំង,Kampong Chhnang,040000,ស្រុក បរិបូណ៌,Baribour,040100,ឃុំ ខុនរ៉ង,Khon Rang,040104
ខេត្ត កំពង់ឆ្នាំង,Kampong Chhnang,040000,ស្រុក បរិបូណ៌,Baribour,040100,ឃុំ កំពង់ព្រះគគីរ,Kampong Preah Kokir,040105
ខេត្ត កំពង់ឆ្នាំង,Kampong Chhnang,040000,ស្រុក បរិបូណ៌,Baribour,040100,ឃុំ មេលំ,Melum,040106
ខេត្ត កំពង់ឆ្នាំង,Kampong Chhnang,040000,ស្រុក បរិបូណ៌,Baribour,040100,ឃុំ ផ្សារ,Phsar,040107
ខេត្ត កំពង់ឆ្នាំង,Kampong Chhnang,040000,ស្រុក បរិបូណ៌,Baribour,040100,ឃុំ ពេជ្រចង្វារ,Pech Changvar,040108
ខេត្ត កំពង់ឆ្នាំង,Kampong Chhnang,040000,ស្រុក បរិបូណ៌,Baribour,040100,ឃុំ ពពេល,Popel,040109
ខេត្ត កំពង់ឆ្នាំង,Kampong Chhnang,040000,ស្រុក បរិបូណ៌,Baribour,040100,ឃុំ ពន្លៃ,Punley,040110
ខេត្ត កំពង់ឆ្នាំង,Kampong Chhnang,040000,ស្រុក បរិបូណ៌,Baribour,040100,ឃុំ ត្រពាំងចាន់,Trapeang Chan,040111
ខេត្ត កំពង់ឆ្នាំង,Kampong Chhnang,040000,ស្រុក ជលគិរី,Chul Kiri,040200,ឃុំ ជលសា,Chul Sar,040201
ខេត្ត កំពង់ឆ្នាំង,Kampong Chhnang,040000,ស្រុក ជលគិរី,Chul Kiri,040200,ឃុំ កោះថ្កូវ,Kaoh Thkouv,040202
ខេត្ត កំពង់ឆ្នាំង,Kampong Chhnang,040000,ស្រុក ជលគិរី,Chul Kiri,040200,ឃុំ កំពង់អុស,Kampong Os,040203
ខេត្ត កំពង់ឆ្នាំង,Kampong Chhnang,040000,ស្រុក ជលគិរី,Chul Kiri,040200,ឃុំ ពាមឆ្កោក,Peam Chhkaok,040204
ខេត្ត កំពង់ឆ្នាំង,Kampong Chhnang,040000,ស្រុក ជលគិរី,Chul Kiri,040200,ឃុំ ព្រៃគ្រី,Prey Kri,040205
ខេត្ត កំពង់ឆ្នាំង,Kampong Chhnang,040000,ក្រុង កំពង់ឆ្នាំង,Kampong Chhnang,040300,សង្កាត់ ផ្សារឆ្នាំង,Sangkat Phsar Chhnang,040301
ខេត្ត កំពង់ឆ្នាំង,Kampong Chhnang,040000,ក្រុង កំពង់ឆ្នាំង,Kampong Chhnang,040300,សង្កាត់ កំពង់ឆ្នាំង,Sangkat Kampong Chhnang,040302
ខេត្ត កំពង់ឆ្នាំង,Kampong Chhnang,040000,ក្រុង កំពង់ឆ្នាំង,Kampong Chhnang,040300,សង្កាត់ ប្អេរ,Sangkat B'e,040303
ខេត្ត កំពង់ឆ្នាំង,Kampong Chhnang,040000,ក្រុង កំពង់ឆ្នាំង,Kampong Chhnang,040300,សង្កាត់ ខ្សាម,Sangkat Khsam,040304
ខេត្ត កំពង់ឆ្នាំង,Kampong Chhnang,040000,ក្រុង កំពង់ឆ្នាំង,Kampong Chhnang,040300,ស្រុក កំពង់លែង,Kampong Leaeng,040400
ខេត្ត កំពង់ឆ្នាំង,Kampong Chhnang,040000,ក្រុង កំពង់ឆ្នាំង,Kampong Chhnang,040300,ឃុំ ច្រណូក,Chranouk,040401
ខេត្ត កំពង់ឆ្នាំង,Kampong Chhnang,040000,ក្រុង កំពង់ឆ្នាំង,Kampong Chhnang,040300,ឃុំ ដារ,Dar,040402
ខេត្ត កំពង់ឆ្នាំង,Kampong Chhnang,040000,ក្រុង កំពង់ឆ្នាំង,Kampong Chhnang,040300,ឃុំ កំពង់ហៅ,Kampong Hau,040403
ខេត្ត កំពង់ឆ្នាំង,Kampong Chhnang,040000,ក្រុង កំពង់ឆ្នាំង,Kampong Chhnang,040300,ឃុំ ផ្លូវទូក,Phlouv Tuk,040404
ខេត្ត កំពង់ឆ្នាំង,Kampong Chhnang,040000,ក្រុង កំពង់ឆ្នាំង,Kampong Chhnang,040300,ឃុំ ពោធិ៍,Pou,040405
ខេត្ត កំពង់ឆ្នាំង,Kampong Chhnang,040000,ក្រុង កំពង់ឆ្នាំង,Kampong Chhnang,040300,ឃុំ ប្រឡាយមាស,Pralay Meas,040406
ខេត្ត កំពង់ឆ្នាំង,Kampong Chhnang,040000,ក្រុង កំពង់ឆ្នាំង,Kampong Chhnang,040300,ឃុំ សំរោងសែន,Samraong Saen,040407
ខេត្ត កំពង់ឆ្នាំង,Kampong Chhnang,040000,ក្រុង កំពង់ឆ្នាំង,Kampong Chhnang,040300,ឃុំ ស្វាយរំពារ,Svay Rumpear,040408
ខេត្ត កំពង់ឆ្នាំង,Kampong Chhnang,040000,ក្រុង កំពង់ឆ្នាំង,Kampong Chhnang,040300,ឃុំ ត្រងិល,Trangel,040409
ខេត្ត កំពង់ឆ្នាំង,Kampong Chhnang,040000,ស្រុក កំពង់ត្រឡាច,Kampong Tralach,040500,ឃុំ អំពិលទឹក,Ampil Tuek,040501
ខេត្ត កំពង់ឆ្នាំង,Kampong Chhnang,040000,ស្រុក កំពង់ត្រឡាច,Kampong Tralach,040500,ឃុំ ឈូកស,Chhuk Sa,040502
ខេត្ត កំពង់ឆ្នាំង,Kampong Chhnang,040000,ស្រុក កំពង់ត្រឡាច,Kampong Tralach,040500,ឃុំ ច្រេស,Chres,040503
ខេត្ត កំពង់ឆ្នាំង,Kampong Chhnang,040000,ស្រុក កំពង់ត្រឡាច,Kampong Tralach,040500,ឃុំ កំពង់ត្រឡាច,Kampong Tralach,040504
ខេត្ត កំពង់ឆ្នាំង,Kampong Chhnang,040000,ស្រុក កំពង់ត្រឡាច,Kampong Tralach,040500,ឃុំ លង្វែក,Lungveaek,040505
ខេត្ត កំពង់ឆ្នាំង,Kampong Chhnang,040000,ស្រុក កំពង់ត្រឡាច,Kampong Tralach,040500,ឃុំ អូរឫស្សី,Ou Ruessei,040506
ខេត្ត កំពង់ឆ្នាំង,Kampong Chhnang,040000,ស្រុក កំពង់ត្រឡាច,Kampong Tralach,040500,ឃុំ ពានី,Peani,040507
ខេត្ត កំពង់ឆ្នាំង,Kampong Chhnang,040000,ស្រុក កំពង់ត្រឡាច,Kampong Tralach,040500,ឃុំ សែប,Saeb,040508
ខេត្ត កំពង់ឆ្នាំង,Kampong Chhnang,040000,ស្រុក កំពង់ត្រឡាច,Kampong Tralach,040500,ឃុំ តាជេស,Ta Ches,040509
ខេត្ត កំពង់ឆ្នាំង,Kampong Chhnang,040000,ស្រុក កំពង់ត្រឡាច,Kampong Tralach,040500,ឃុំ ថ្មឥដ្ឋ,Thma Ed,040510
ខេត្ត កំពង់ឆ្នាំង,Kampong Chhnang,040000,ស្រុក រលាប្អៀរ,Rolea B'ier,040600,ឃុំ អណ្តូងស្នាយ,Andoung Snay,040601
ខេត្ត កំពង់ឆ្នាំង,Kampong Chhnang,040000,ស្រុក រលាប្អៀរ,Rolea B'ier,040600,ឃុំ បន្ទាយព្រាល,Banteay Preal,040602
ខេត្ត កំពង់ឆ្នាំង,Kampong Chhnang,040000,ស្រុក រលាប្អៀរ,Rolea B'ier,040600,ឃុំ ជើងគ្រាវ,Cheung Kreav,040603
ខេត្ត កំពង់ឆ្នាំង,Kampong Chhnang,040000,ស្រុក រលាប្អៀរ,Rolea B'ier,040600,ឃុំ ជ្រៃបាក់,Chrey Bak,040604
ខេត្ត កំពង់ឆ្នាំង,Kampong Chhnang,040000,ស្រុក រលាប្អៀរ,Rolea B'ier,040600,ឃុំ គោកបន្ទាយ,Kouk Banteay,040605
ខេត្ត កំពង់ឆ្នាំង,Kampong Chhnang,040000,ស្រុក រលាប្អៀរ,Rolea B'ier,040600,ឃុំ ក្រាំងលាវ,Krang Leav,040606
ខេត្ត កំពង់ឆ្នាំង,Kampong Chhnang,040000,ស្រុក រលាប្អៀរ,Rolea B'ier,040600,ឃុំ ពង្រ,Pungro,040607
ខេត្ត កំពង់ឆ្នាំង,Kampong Chhnang,040000,ស្រុក រលាប្អៀរ,Rolea B'ier,040600,ឃុំ ប្រស្នឹប,Prasnoeb,040608
ខេត្ត កំពង់ឆ្នាំង,Kampong Chhnang,040000,ស្រុក រលាប្អៀរ,Rolea B'ier,040600,ឃុំ ព្រៃមូល,Prey Mul,040609
ខេត្ត កំពង់ឆ្នាំង,Kampong Chhnang,040000,ស្រុក រលាប្អៀរ,Rolea B'ier,040600,ឃុំ រលាប្អៀរ,Rolea B'ier,040610
ខេត្ត កំពង់ឆ្នាំង,Kampong Chhnang,040000,ស្រុក រលាប្អៀរ,Rolea B'ier,040600,ឃុំ ស្រែថ្មី,Snay Anhchit,040611
ខេត្ត កំពង់ឆ្នាំង,Kampong Chhnang,040000,ស្រុក រលាប្អៀរ,Rolea B'ier,040600,ឃុំ ស្វាយជ្រុំ,Svay Chrum,040612
ខេត្ត កំពង់ឆ្នាំង,Kampong Chhnang,040000,ស្រុក រលាប្អៀរ,Rolea B'ier,040600,ឃុំ ទឹកហូត,Tuek Hot Commun,040613
ខេត្ត កំពង់ឆ្នាំង,Kampong Chhnang,040000,ស្រុក រលាប្អៀរ,Rolea B'ier,040600,ឃុំ ភ្នំក្រាំងដីមាស,Phnum Krang Dei meas,040614
ខេត្ត កំពង់ឆ្នាំង,Kampong Chhnang,040000,ស្រុក សាមគ្គីមានជ័យ,Sammeakki Mean Chey,040700,ឃុំ ឈានឡើង,Chhean Laeung,040701
ខេត្ត កំពង់ឆ្នាំង,Kampong Chhnang,040000,ស្រុក សាមគ្គីមានជ័យ,Sammeakki Mean Chey,040700,ឃុំ ខ្នារឆ្មារ,Khna Chhmar,040702
ខេត្ត កំពង់ឆ្នាំង,Kampong Chhnang,040000,ស្រុក សាមគ្គីមានជ័យ,Sammeakki Mean Chey,040700,ឃុំ ក្រាំងល្វា,Krang Lvea,040703
ខេត្ត កំពង់ឆ្នាំង,Kampong Chhnang,040000,ស្រុក សាមគ្គីមានជ័យ,Sammeakki Mean Chey,040700,ឃុំ ពាម,Peam,040704
ខេត្ត កំពង់ឆ្នាំង,Kampong Chhnang,040000,ស្រុក សាមគ្គីមានជ័យ,Sammeakki Mean Chey,040700,ឃុំ សេដ្ឋី,Sedthei,040705
ខេត្ត កំពង់ឆ្នាំង,Kampong Chhnang,040000,ស្រុក សាមគ្គីមានជ័យ,Sammeakki Mean Chey,040700,ឃុំ ស្វាយ,Svay,040706
ខេត្ត កំពង់ឆ្នាំង,Kampong Chhnang,040000,ស្រុក សាមគ្គីមានជ័យ,Sammeakki Mean Chey,040700,ឃុំ ស្វាយជុក,Svay Chuk,040707
ខេត្ត កំពង់ឆ្នាំង,Kampong Chhnang,040000,ស្រុក សាមគ្គីមានជ័យ,Sammeakki Mean Chey,040700,ឃុំ ត្បែងខ្ពស់,Tbaeng Khpuos,040708
ខេត្ត កំពង់ឆ្នាំង,Kampong Chhnang,040000,ស្រុក សាមគ្គីមានជ័យ,Sammeakki Mean Chey,040700,ឃុំ ធ្លកវៀន,Thlok Vien,040709
ខេត្ត កំពង់ឆ្នាំង,Kampong Chhnang,040000,ស្រុក ទឹកផុស,Tuek Phos,040800,ឃុំ អភិវឌ្ឍន៍,Akphivoad,040801
ខេត្ត កំពង់ឆ្នាំង,Kampong Chhnang,040000,ស្រុក ទឹកផុស,Tuek Phos,040800,ឃុំ ជៀប,Chieb,040802
ខេត្ត កំពង់ឆ្នាំង,Kampong Chhnang,040000,ស្រុក ទឹកផុស,Tuek Phos,040800,ឃុំ ចោងម៉ោង,Chaong Maong,040803
ខេត្ត កំពង់ឆ្នាំង,Kampong Chhnang,040000,ស្រុក ទឹកផុស,Tuek Phos,040800,ឃុំ ក្បាលទឹក,Kbal Tuek,040804
ខេត្ត កំពង់ឆ្នាំង,Kampong Chhnang,040000,ស្រុក ទឹកផុស,Tuek Phos,040800,ឃុំ ខ្លងពពក,Khlong Popok,040805
ខេត្ត កំពង់ឆ្នាំង,Kampong Chhnang,040000,ស្រុក ទឹកផុស,Tuek Phos,040800,ឃុំ ក្រាំងស្គារ,Krang Skear,040806
ខេត្ត កំពង់ឆ្នាំង,Kampong Chhnang,040000,ស្រុក ទឹកផុស,Tuek Phos,040800,ឃុំ តាំងក្រសាំង,Tang Krasang,040807
ខេត្ត កំពង់ឆ្នាំង,Kampong Chhnang,040000,ស្រុក ទឹកផុស,Tuek Phos,040800,ឃុំ ទួលខ្ពស់,Tuol Khpuos,040808
ខេត្ត កំពង់ឆ្នាំង,Kampong Chhnang,040000,ស្រុក ទឹកផុស,Tuek Phos,040800,ឃុំ ក្ដុលសែនជ័យ,Kdol Saen Chey,040809
ខេត្ត កំពង់ស្ពឺ,Kampong Speu,050000,ស្រុក បសេដ្ឋ,Basaed,050100,ឃុំ បសេដ្ឋ,Basaed,050101
ខេត្ត កំពង់ស្ពឺ,Kampong Speu,050000,ស្រុក បសេដ្ឋ,Basaed,050100,ឃុំ កាត់ភ្លុក,Kat Phluk,050102
ខេត្ត កំពង់ស្ពឺ,Kampong Speu,050000,ស្រុក បសេដ្ឋ,Basaed,050100,ឃុំ និទាន,Nitean,050103
ខេត្ត កំពង់ស្ពឺ,Kampong Speu,050000,ស្រុក បសេដ្ឋ,Basaed,050100,ឃុំ ភក្តី,Pheakdei,050104
ខេត្ត កំពង់ស្ពឺ,Kampong Speu,050000,ស្រុក បសេដ្ឋ,Basaed,050100,ឃុំ ភារីមានជ័យ,Pheari Mean Chey,050105
ខេត្ត កំពង់ស្ពឺ,Kampong Speu,050000,ស្រុក បសេដ្ឋ,Basaed,050100,ឃុំ ភុង,Phong,050106
ខេត្ត កំពង់ស្ពឺ,Kampong Speu,050000,ស្រុក បសេដ្ឋ,Basaed,050100,ឃុំ ពោធិ៍អង្ក្រង,Pou Angkrang,050107
ខេត្ត កំពង់ស្ពឺ,Kampong Speu,050000,ស្រុក បសេដ្ឋ,Basaed,050100,ឃុំ ពោធិ៍ចំរើន,Pou Chamraeun,050108
ខេត្ត កំពង់ស្ពឺ,Kampong Speu,050000,ស្រុក បសេដ្ឋ,Basaed,050100,ឃុំ ពោធិ៍ម្រាល,Pou Mreal,050109
ខេត្ត កំពង់ស្ពឺ,Kampong Speu,050000,ស្រុក បសេដ្ឋ,Basaed,050100,ឃុំ ស្វាយចចិប,Svay Chacheb,050110
ខេត្ត កំពង់ស្ពឺ,Kampong Speu,050000,ស្រុក បសេដ្ឋ,Basaed,050100,ឃុំ ទួលអំពិល,Tuol Ampil,050111
ខេត្ត កំពង់ស្ពឺ,Kampong Speu,050000,ស្រុក បសេដ្ឋ,Basaed,050100,ឃុំ ទួលសាលា,Tuol Sala,050112
ខេត្ត កំពង់ស្ពឺ,Kampong Speu,050000,ស្រុក បសេដ្ឋ,Basaed,050100,ឃុំ កក់,Kak,050113
ខេត្ត កំពង់ស្ពឺ,Kampong Speu,050000,ស្រុក បសេដ្ឋ,Basaed,050100,ឃុំ ស្វាយរំពារ,Svay Rumpear,050114
ខេត្ត កំពង់ស្ពឺ,Kampong Speu,050000,ស្រុក បសេដ្ឋ,Basaed,050100,ឃុំ ព្រះខែ,Preah Kha,050115
ខេត្ត កំពង់ស្ពឺ,Kampong Speu,050000,ក្រុង ច្បារមន,Chbar Mon,050200,សង្កាត់ ច្បារមន,Sangkat Chbar Mon,050201
ខេត្ត កំពង់ស្ពឺ,Kampong Speu,050000,ក្រុង ច្បារមន,Chbar Mon,050200,សង្កាត់ កណ្ដោលដុំ,Sangkat Kandaol Dom,050202
ខេត្ត កំពង់ស្ពឺ,Kampong Speu,050000,ក្រុង ច្បារមន,Chbar Mon,050200,សង្កាត់ រការធំ,Sangkat Rokar Thum,050203
ខេត្ត កំពង់ស្ពឺ,Kampong Speu,050000,ក្រុង ច្បារមន,Chbar Mon,050200,សង្កាត់ សុព័រទេព,Sangkat Sopoar Tep,050204
ខេត្ត កំពង់ស្ពឺ,Kampong Speu,050000,ក្រុង ច្បារមន,Chbar Mon,050200,សង្កាត់ ស្វាយក្រវ៉ាន់,Sangkat Svay Kravan,050205
ខេត្ត កំពង់ស្ពឺ,Kampong Speu,050000,ស្រុក គងពិសី,Kong Pisei,050300,ឃុំ អង្គពពេល,Ang Popel,050301
ខេត្ត កំពង់ស្ពឺ,Kampong Speu,050000,ស្រុក គងពិសី,Kong Pisei,050300,ឃុំ ជង្រុក,Chungruk,050302
ខេត្ត កំពង់ស្ពឺ,Kampong Speu,050000,ស្រុក គងពិសី,Kong Pisei,050300,ឃុំ មហាឫស្សី,Moha Ruessei,050303
ខេត្ត កំពង់ស្ពឺ,Kampong Speu,050000,ស្រុក គងពិសី,Kong Pisei,050300,ឃុំ ពេជ្រមុនី,Pech Muni,050304
ខេត្ត កំពង់ស្ពឺ,Kampong Speu,050000,ស្រុក គងពិសី,Kong Pisei,050300,ឃុំ ព្រះនិព្វាន,Preah Nipean,050305
ខេត្ត កំពង់ស្ពឺ,Kampong Speu,050000,ស្រុក គងពិសី,Kong Pisei,050300,ឃុំ ព្រៃញាតិ,Prey Nheat,050306
ខេត្ត កំពង់ស្ពឺ,Kampong Speu,050000,ស្រុក គងពិសី,Kong Pisei,050300,ឃុំ ព្រៃវិហារ,Prey Vihea,050307
ខេត្ត កំពង់ស្ពឺ,Kampong Speu,050000,ស្រុក គងពិសី,Kong Pisei,050300,ឃុំ រកាកោះ,Roka Kaoh,050308
ខេត្ត កំពង់ស្ពឺ,Kampong Speu,050000,ស្រុក គងពិសី,Kong Pisei,050300,ឃុំ ស្តុក,Sdok,050309
ខេត្ត កំពង់ស្ពឺ,Kampong Speu,050000,ស្រុក គងពិសី,Kong Pisei,050300,ឃុំ ស្នំក្រពើ,Snam Krapeu,050310
ខេត្ត កំពង់ស្ពឺ,Kampong Speu,050000,ស្រុក គងពិសី,Kong Pisei,050300,ឃុំ ស្រង់,Srang,050311
ខេត្ត កំពង់ស្ពឺ,Kampong Speu,050000,ស្រុក គងពិសី,Kong Pisei,050300,ឃុំ ទឹកល្អក់,Tuek L'ak,050312
ខេត្ត កំពង់ស្ពឺ,Kampong Speu,050000,ស្រុក គងពិសី,Kong Pisei,050300,ឃុំ វាល,Veal,050313
ខេត្ត កំពង់ស្ពឺ,Kampong Speu,050000,ស្រុក ឱរ៉ាល់,Aoral,050400,ឃុំ ហោងសំណំ,Haong Samnam,050401
ខេត្ត កំពង់ស្ពឺ,Kampong Speu,050000,ស្រុក ឱរ៉ាល់,Aoral,050400,ឃុំ រស្មីសាមគ្គី,Reaksmei Sammeakki,050402
ខេត្ត កំពង់ស្ពឺ,Kampong Speu,050000,ស្រុក ឱរ៉ាល់,Aoral,050400,ឃុំ ត្រពាំងជោ,Trapeang Chou,050403
ខេត្ត កំពង់ស្ពឺ,Kampong Speu,050000,ស្រុក ឱរ៉ាល់,Aoral,050400,ឃុំ សង្កែសាទប,Sangkae Satob,050404
ខេត្ត កំពង់ស្ពឺ,Kampong Speu,050000,ស្រុក ឱរ៉ាល់,Aoral,050400,ឃុំ តាសាល,Ta Sal,050405
ខេត្ត កំពង់ស្ពឺ,Kampong Speu,050000,ស្រុក ភ្នំស្រួច,Phnum Sruoch,050600,ឃុំ ចំបក់,Chambak,050601
ខេត្ត កំពង់ស្ពឺ,Kampong Speu,050000,ស្រុក ភ្នំស្រួច,Phnum Sruoch,050600,ឃុំ ជាំសង្កែ,Choam Sangkae,050602
ខេត្ត កំពង់ស្ពឺ,Kampong Speu,050000,ស្រុក ភ្នំស្រួច,Phnum Sruoch,050600,ឃុំ ដំបូករូង,Dambouk Rung,050603
ខេត្ត កំពង់ស្ពឺ,Kampong Speu,050000,ស្រុក ភ្នំស្រួច,Phnum Sruoch,050600,ឃុំ គិរីវ័ន្ត,Kiri Voan,050604
ខេត្ត កំពង់ស្ពឺ,Kampong Speu,050000,ស្រុក ភ្នំស្រួច,Phnum Sruoch,050600,ឃុំ ក្រាំងដីវ៉ាយ,Krang Dei Vay,050605
ខេត្ត កំពង់ស្ពឺ,Kampong Speu,050000,ស្រុក ភ្នំស្រួច,Phnum Sruoch,050600,ឃុំ មហាសាំង,Moha Sang,050606
ខេត្ត កំពង់ស្ពឺ,Kampong Speu,050000,ស្រុក ភ្នំស្រួច,Phnum Sruoch,050600,ឃុំ អូរ,Ou,050607
ខេត្ត កំពង់ស្ពឺ,Kampong Speu,050000,ស្រុក ភ្នំស្រួច,Phnum Sruoch,050600,ឃុំ ព្រៃរំដួល,Prey Rumduol,050608
ខេត្ត កំពង់ស្ពឺ,Kampong Speu,050000,ស្រុក ភ្នំស្រួច,Phnum Sruoch,050600,ឃុំ ព្រៃក្មេង,Prey Kmeng,050609
ខេត្ត កំពង់ស្ពឺ,Kampong Speu,050000,ស្រុក ភ្នំស្រួច,Phnum Sruoch,050600,ឃុំ តាំងសំរោង,Tang Samraong,050610
ខេត្ត កំពង់ស្ពឺ,Kampong Speu,050000,ស្រុក ភ្នំស្រួច,Phnum Sruoch,050600,ឃុំ តាំងស្យា,Tang Sya,050611
ខេត្ត កំពង់ស្ពឺ,Kampong Speu,050000,ស្រុក ភ្នំស្រួច,Phnum Sruoch,050600,ឃុំ ត្រែងត្រយឹង,Traeng Trayueng,050613
ខេត្ត កំពង់ស្ពឺ,Kampong Speu,050000,ស្រុក ភ្នំស្រួច,Phnum Sruoch,050600,ឃុំ យាយម៉ៅពេជ្រនិល,Yeay Mau Pech Nil,050614
ខេត្ត កំពង់ស្ពឺ,Kampong Speu,050000,ស្រុក សំរោងទង,Samraong Tong,050700,ឃុំ រលាំងចក,Roleang Chak,050701
ខេត្ត កំពង់ស្ពឺ,Kampong Speu,050000,ស្រុក សំរោងទង,Samraong Tong,050700,ឃុំ កាហែង,Kahaeng,050702
ខេត្ត កំពង់ស្ពឺ,Kampong Speu,050000,ស្រុក សំរោងទង,Samraong Tong,050700,ឃុំ ខ្ទុំគ្រាំង,Khtum Krang,050703
ខេត្ត កំពង់ស្ពឺ,Kampong Speu,050000,ស្រុក សំរោងទង,Samraong Tong,050700,ឃុំ ក្រាំងអំពិល,Krang Ampil,050704
ខេត្ត កំពង់ស្ពឺ,Kampong Speu,050000,ស្រុក សំរោងទង,Samraong Tong,050700,ឃុំ ព្នាយ,Pneay,050705
ខេត្ត កំពង់ស្ពឺ,Kampong Speu,050000,ស្រុក សំរោងទង,Samraong Tong,050700,ឃុំ រលាំងគ្រើល,Roleang Kreul,050706
ខេត្ត កំពង់ស្ពឺ,Kampong Speu,050000,ស្រុក សំរោងទង,Samraong Tong,050700,ឃុំ សំរោងទង,Samraong Tong,050707
ខេត្ត កំពង់ស្ពឺ,Kampong Speu,050000,ស្រុក សំរោងទង,Samraong Tong,050700,ឃុំ សំបួរ,Sambour,050708
ខេត្ត កំពង់ស្ពឺ,Kampong Speu,050000,ស្រុក សំរោងទង,Samraong Tong,050700,ឃុំ សែនដី,Saen Dei,050709
ខេត្ត កំពង់ស្ពឺ,Kampong Speu,050000,ស្រុក សំរោងទង,Samraong Tong,050700,ឃុំ ស្គុះ,Skuh,050710
ខេត្ត កំពង់ស្ពឺ,Kampong Speu,050000,ស្រុក សំរោងទង,Samraong Tong,050700,ឃុំ តាំងក្រូច,Tang Krouch,050711
ខេត្ត កំពង់ស្ពឺ,Kampong Speu,050000,ស្រុក សំរោងទង,Samraong Tong,050700,ឃុំ ធម្មតាអរ,Thoam Ta Ar,050712
ខេត្ត កំពង់ស្ពឺ,Kampong Speu,050000,ស្រុក សំរោងទង,Samraong Tong,050700,ឃុំ ត្រពាំងគង,Trapeang Kong,050713
ខេត្ត កំពង់ស្ពឺ,Kampong Speu,050000,ស្រុក សំរោងទង,Samraong Tong,050700,ឃុំ ទំព័រមាស,Tumpoar Meas,050714
ខេត្ត កំពង់ស្ពឺ,Kampong Speu,050000,ស្រុក សំរោងទង,Samraong Tong,050700,ឃុំ វល្លិសរ,Voa Sar,050715
ខេត្ត កំពង់ស្ពឺ,Kampong Speu,050000,ស្រុក ថ្ពង,Thpong,050800,ឃុំ អមលាំង,Amleang,050801
ខេត្ត កំពង់ស្ពឺ,Kampong Speu,050000,ស្រុក ថ្ពង,Thpong,050800,ឃុំ មនោរម្យ,Meaknourum,050802
ខេត្ត កំពង់ស្ពឺ,Kampong Speu,050000,ស្រុក ថ្ពង,Thpong,050800,ឃុំ ប្រាំបីមុម,Prambei Mum,050804
ខេត្ត កំពង់ស្ពឺ,Kampong Speu,050000,ស្រុក ថ្ពង,Thpong,050800,ឃុំ រុងរឿង,Rung Roeang,050805
ខេត្ត កំពង់ស្ពឺ,Kampong Speu,050000,ស្រុក ថ្ពង,Thpong,050800,ឃុំ ទ័ពមាន,Toap Mean,050806
ខេត្ត កំពង់ស្ពឺ,Kampong Speu,050000,ស្រុក ថ្ពង,Thpong,050800,ឃុំ វាលពន់,Veal Pun,050807
ខេត្ត កំពង់ស្ពឺ,Kampong Speu,050000,ស្រុក ថ្ពង,Thpong,050800,ឃុំ យាអង្គ,Yea Ang,050808
ខេត្ត កំពង់ស្ពឺ,Kampong Speu,050000,ក្រុង ឧដុង្គម៉ែជ័យ,Odong Mae Chey,050900,សង្កាត់ វាំងចាស់,Sangkat Veang Chas,050901
ខេត្ត កំពង់ស្ពឺ,Kampong Speu,050000,ក្រុង ឧដុង្គម៉ែជ័យ,Odong Mae Chey,050900,សង្កាត់ វាលពង់,Sangkat Veal Pung,050902
ខេត្ត កំពង់ស្ពឺ,Kampong Speu,050000,ក្រុង ឧដុង្គម៉ែជ័យ,Odong Mae Chey,050900,សង្កាត់ ត្រាចទង,Sangkat Trach Tong,050903
ខេត្ត កំពង់ស្ពឺ,Kampong Speu,050000,ក្រុង ឧដុង្គម៉ែជ័យ,Odong Mae Chey,050900,សង្កាត់ ព្រះស្រែ,Sangkat Preah Srae,050904
ខេត្ត កំពង់ស្ពឺ,Kampong Speu,050000,ក្រុង ឧដុង្គម៉ែជ័យ,Odong Mae Chey,050900,សង្កាត់ ក្សេមក្សាន្ត,Sangkat Khsem Khsan,050905
ខេត្ត កំពង់ស្ពឺ,Kampong Speu,050000,ស្រុក សាមគ្គីមុនីជ័យ,Sammeakki Muni Chey,051000,ឃុំ ចាន់សែន,Chan Saen,051001
ខេត្ត កំពង់ស្ពឺ,Kampong Speu,050000,ស្រុក សាមគ្គីមុនីជ័យ,Sammeakki Muni Chey,051000,ឃុំ ជើងរាស់,Cheung Roas,051002
ខេត្ត កំពង់ស្ពឺ,Kampong Speu,050000,ស្រុក សាមគ្គីមុនីជ័យ,Sammeakki Muni Chey,051000,ឃុំ ជំពូព្រឹក្ស,Chumpu Proek,051003
ខេត្ត កំពង់ស្ពឺ,Kampong Speu,050000,ស្រុក សាមគ្គីមុនីជ័យ,Sammeakki Muni Chey,051000,ឃុំ ក្រាំងចេក,Krang Chek,051004
ខេត្ត កំពង់ស្ពឺ,Kampong Speu,050000,ស្រុក សាមគ្គីមុនីជ័យ,Sammeakki Muni Chey,051000,ឃុំ មានជ័យ,Mean Chey,051005
ខេត្ត កំពង់ស្ពឺ,Kampong Speu,050000,ស្រុក សាមគ្គីមុនីជ័យ,Sammeakki Muni Chey,051000,ឃុំ ព្រៃក្រសាំង,Prey Krasang,051006
ខេត្ត កំពង់ស្ពឺ,Kampong Speu,050000,ស្រុក សាមគ្គីមុនីជ័យ,Sammeakki Muni Chey,051000,ឃុំ យុទ្ធសាមគ្គី,Yut Sammeakki,051007
ខេត្ត កំពង់ស្ពឺ,Kampong Speu,050000,ស្រុក សាមគ្គីមុនីជ័យ,Sammeakki Muni Chey,051000,ឃុំ ដំណាក់រាំង,Damnak Reang,051008
ខេត្ត កំពង់ស្ពឺ,Kampong Speu,050000,ស្រុក សាមគ្គីមុនីជ័យ,Sammeakki Muni Chey,051000,ឃុំ ពាំងល្វា,Peang Lvea,051009
ខេត្ត កំពង់ស្ពឺ,Kampong Speu,050000,ស្រុក សាមគ្គីមុនីជ័យ,Sammeakki Muni Chey,051000,ឃុំ ភ្នំតូច,Phnum Touch,051010
ខេត្ត កំពង់ធំ,Kampong Thom,060000,ស្រុក បារាយណ៍,Baray,060100,ឃុំ បាក់ស្នា,Bak Sna,060101
ខេត្ត កំពង់ធំ,Kampong Thom,060000,ស្រុក បារាយណ៍,Baray,060100,ឃុំ បល្ល័ង្គ,Ballang,060102
ខេត្ត កំពង់ធំ,Kampong Thom,060000,ស្រុក បារាយណ៍,Baray,060100,ឃុំ បារាយណ៍,Baray,060103
ខេត្ត កំពង់ធំ,Kampong Thom,060000,ស្រុក បារាយណ៍,Baray,060100,ឃុំ បឹង,Boeng,060104
ខេត្ត កំពង់ធំ,Kampong Thom,060000,ស្រុក បារាយណ៍,Baray,060100,ឃុំ ចើងដើង,Chaeung Daeung,060105
ខេត្ត កំពង់ធំ,Kampong Thom,060000,ស្រុក បារាយណ៍,Baray,060100,ឃុំ ឈូកខ្សាច់,Chhuk Khsach,060107
ខេត្ត កំពង់ធំ,Kampong Thom,060000,ស្រុក បារាយណ៍,Baray,060100,ឃុំ ចុងដូង,Chong Doung,060108
ខេត្ត កំពង់ធំ,Kampong Thom,060000,ស្រុក បារាយណ៍,Baray,060100,ឃុំ គគីធំ,Kokir Thum,060110
ខេត្ត កំពង់ធំ,Kampong Thom,060000,ស្រុក បារាយណ៍,Baray,060100,ឃុំ ក្រវ៉ា,Krava,060111
ខេត្ត កំពង់ធំ,Kampong Thom,060000,ស្រុក បារាយណ៍,Baray,060100,ឃុំ ត្នោតជុំ,Tnaot Chum,060117
ខេត្ត កំពង់ធំ,Kampong Thom,060000,ស្រុក កំពង់ស្វាយ,Kampong Svay,060200,ឃុំ ជ័យ,Chey,060201
ខេត្ត កំពង់ធំ,Kampong Thom,060000,ស្រុក កំពង់ស្វាយ,Kampong Svay,060200,ឃុំ ដំរីស្លាប់,Damrei Slab,060202
ខេត្ត កំពង់ធំ,Kampong Thom,060000,ស្រុក កំពង់ស្វាយ,Kampong Svay,060200,ឃុំ កំពង់គោ,Kampong Kou,060203
ខេត្ត កំពង់ធំ,Kampong Thom,060000,ស្រុក កំពង់ស្វាយ,Kampong Svay,060200,ឃុំ កំពង់ស្វាយ,Kampong Svay,060204
ខេត្ត កំពង់ធំ,Kampong Thom,060000,ស្រុក កំពង់ស្វាយ,Kampong Svay,060200,ឃុំ នីពេជ,Nipech,060205
ខេត្ត កំពង់ធំ,Kampong Thom,060000,ស្រុក កំពង់ស្វាយ,Kampong Svay,060200,ឃុំ ផាត់សណ្តាយ,Phat Sanday,060206
ខេត្ត កំពង់ធំ,Kampong Thom,060000,ស្រុក កំពង់ស្វាយ,Kampong Svay,060200,ឃុំ សាន់គ,San Ko,060207
ខេត្ត កំពង់ធំ,Kampong Thom,060000,ស្រុក កំពង់ស្វាយ,Kampong Svay,060200,ឃុំ ត្បែង,Tbaeng,060208
ខេត្ត កំពង់ធំ,Kampong Thom,060000,ស្រុក កំពង់ស្វាយ,Kampong Svay,060200,ឃុំ ត្រពាំងប្ញស្សី,Trapeang Ruessei,060209
ខេត្ត កំពង់ធំ,Kampong Thom,060000,ស្រុក កំពង់ស្វាយ,Kampong Svay,060200,ឃុំ ក្តីដូង,Kdei Doung,060210
ខេត្ត កំពង់ធំ,Kampong Thom,060000,ស្រុក កំពង់ស្វាយ,Kampong Svay,060200,ឃុំ ព្រៃគុយ,Prey Kuy,060211
ខេត្ត កំពង់ធំ,Kampong Thom,060000,ក្រុង ស្ទឹងសែន,Stueng Saen,060300,សង្កាត់ ដំរីជាន់ខ្លា,Sangkat Damrei Choan Khla,060301
ខេត្ត កំពង់ធំ,Kampong Thom,060000,ក្រុង ស្ទឹងសែន,Stueng Saen,060300,សង្កាត់ កំពង់ធំ,Sangkat Kampong Thum,060302
ខេត្ត កំពង់ធំ,Kampong Thom,060000,ក្រុង ស្ទឹងសែន,Stueng Saen,060300,សង្កាត់ កំពង់រទេះ,Sangkat Kampong Roteh,060303
ខេត្ត កំពង់ធំ,Kampong Thom,060000,ក្រុង ស្ទឹងសែន,Stueng Saen,060300,សង្កាត់ អូរកន្ធរ,Sangkat Ou Kanthor,060304
ខេត្ត កំពង់ធំ,Kampong Thom,060000,ក្រុង ស្ទឹងសែន,Stueng Saen,060300,សង្កាត់ កំពង់ក្របៅ,Sangkat Kampong Krabau,060306
ខេត្ត កំពង់ធំ,Kampong Thom,060000,ក្រុង ស្ទឹងសែន,Stueng Saen,060300,សង្កាត់ ព្រៃតាហ៊ូ,Sangkat Prey Ta Hu,060308
ខេត្ត កំពង់ធំ,Kampong Thom,060000,ក្រុង ស្ទឹងសែន,Stueng Saen,060300,សង្កាត់ អាចារ្យលាក់,Sangkat Achar Leak,060309
ខេត្ត កំពង់ធំ,Kampong Thom,060000,ក្រុង ស្ទឹងសែន,Stueng Saen,060300,សង្កាត់ ស្រយ៉ូវ,Sangkat Srayouv,060310
ខេត្ត កំពង់ធំ,Kampong Thom,060000,ស្រុក ប្រាសាទបល្ល័ង្គ,Prasat Ballang,060400,ឃុំ ដូង,Doung,060401
ខេត្ត កំពង់ធំ,Kampong Thom,060000,ស្រុក ប្រាសាទបល្ល័ង្គ,Prasat Ballang,060400,ឃុំ ក្រយា,Kraya,060402
ខេត្ត កំពង់ធំ,Kampong Thom,060000,ស្រុក ប្រាសាទបល្ល័ង្គ,Prasat Ballang,060400,ឃុំ ផាន់ញើម,Phan Nheum,060403
ខេត្ត កំពង់ធំ,Kampong Thom,060000,ស្រុក ប្រាសាទបល្ល័ង្គ,Prasat Ballang,060400,ឃុំ សាគ្រាម,Sa Kream,060404
ខេត្ត កំពង់ធំ,Kampong Thom,060000,ស្រុក ប្រាសាទបល្ល័ង្គ,Prasat Ballang,060400,ឃុំ សាលាវិស័យ,Sala Visai,060405
ខេត្ត កំពង់ធំ,Kampong Thom,060000,ស្រុក ប្រាសាទបល្ល័ង្គ,Prasat Ballang,060400,ឃុំ សាមគ្គី,Sammeakki,060406
ខេត្ត កំពង់ធំ,Kampong Thom,060000,ស្រុក ប្រាសាទបល្ល័ង្គ,Prasat Ballang,060400,ឃុំ ទួលគ្រើល,Tuol Kreul,060407
ខេត្ត កំពង់ធំ,Kampong Thom,060000,ស្រុក ប្រាសាទសំបូរ,Prasat Sambour,060500,ឃុំ ឈូក,Chhuk,060501
ខេត្ត កំពង់ធំ,Kampong Thom,060000,ស្រុក ប្រាសាទសំបូរ,Prasat Sambour,060500,ឃុំ គោល,Koul,060502
ខេត្ត កំពង់ធំ,Kampong Thom,060000,ស្រុក ប្រាសាទសំបូរ,Prasat Sambour,060500,ឃុំ សំបូរណ៍,Sambour,060503
ខេត្ត កំពង់ធំ,Kampong Thom,060000,ស្រុក ប្រាសាទសំបូរ,Prasat Sambour,060500,ឃុំ ស្រើង,Sraeung,060504
ខេត្ត កំពង់ធំ,Kampong Thom,060000,ស្រុក ប្រាសាទសំបូរ,Prasat Sambour,060500,ឃុំ តាំងក្រសៅ,Tang Krasau,060505
ខេត្ត កំពង់ធំ,Kampong Thom,060000,ស្រុក សណ្តាន់,Sandan,060600,ឃុំ ឈើទាល,Chheu Teal,060601
ខេត្ត កំពង់ធំ,Kampong Thom,060000,ស្រុក សណ្តាន់,Sandan,060600,ឃុំ ដងកាំបិត,Dang Kambet,060602
ខេត្ត កំពង់ធំ,Kampong Thom,060000,ស្រុក សណ្តាន់,Sandan,060600,ឃុំ ក្លែង,Klaeng,060603
ខេត្ត កំពង់ធំ,Kampong Thom,060000,ស្រុក សណ្តាន់,Sandan,060600,ឃុំ មានរិទ្ធ,Mean Rit,060604
ខេត្ត កំពង់ធំ,Kampong Thom,060000,ស្រុក សណ្តាន់,Sandan,060600,ឃុំ មានជ័យ,Mean Chey,060605
ខេត្ត កំពង់ធំ,Kampong Thom,060000,ស្រុក សណ្តាន់,Sandan,060600,ឃុំ ងន,Ngon,060606
ខេត្ត កំពង់ធំ,Kampong Thom,060000,ស្រុក សណ្តាន់,Sandan,060600,ឃុំ សណ្តាន់,Sandan,060607
ខេត្ត កំពង់ធំ,Kampong Thom,060000,ស្រុក សណ្តាន់,Sandan,060600,ឃុំ សុចិត្រ,Sochet,060608
ខេត្ត កំពង់ធំ,Kampong Thom,060000,ស្រុក សណ្តាន់,Sandan,060600,ឃុំ ទំរីង,Tum Ring,060609
ខេត្ត កំពង់ធំ,Kampong Thom,060000,ស្រុក សន្ទុក,Santuk,060700,ឃុំ បឹងល្វា,Boeng Lvea,060701
ខេត្ត កំពង់ធំ,Kampong Thom,060000,ស្រុក សន្ទុក,Santuk,060700,ឃុំ ជ្រាប់,Chroab,060702
ខេត្ត កំពង់ធំ,Kampong Thom,060000,ស្រុក សន្ទុក,Santuk,060700,ឃុំ កំពង់ថ្ម,Kampong Thma,060703
ខេត្ត កំពង់ធំ,Kampong Thom,060000,ស្រុក សន្ទុក,Santuk,060700,ឃុំ កកោះ,Kakaoh,060704
ខេត្ត កំពង់ធំ,Kampong Thom,060000,ស្រុក សន្ទុក,Santuk,060700,ឃុំ ក្រយា,Kraya,060705
ខេត្ត កំពង់ធំ,Kampong Thom,060000,ស្រុក សន្ទុក,Santuk,060700,ឃុំ ព្នៅ,Pnov,060706
ខេត្ត កំពង់ធំ,Kampong Thom,060000,ស្រុក សន្ទុក,Santuk,060700,ឃុំ ប្រាសាទ,Prasat,060707
ខេត្ត កំពង់ធំ,Kampong Thom,060000,ស្រុក សន្ទុក,Santuk,060700,ឃុំ តាំងក្រសាំង,Tang Krasang,060708
ខេត្ត កំពង់ធំ,Kampong Thom,060000,ស្រុក សន្ទុក,Santuk,060700,ឃុំ ទីពោ,Ti Pou,060709
ខេត្ត កំពង់ធំ,Kampong Thom,060000,ស្រុក សន្ទុក,Santuk,060700,ឃុំ ត្បូងក្រពើ,Tboung Krapeu,060710
ខេត្ត កំពង់ធំ,Kampong Thom,060000,ស្រុក ស្ទោង,Stoung,060800,ឃុំ បន្ទាយស្ទោង,Banteay Stoung,060801
ខេត្ត កំពង់ធំ,Kampong Thom,060000,ស្រុក ស្ទោង,Stoung,060800,ឃុំ ចំណាក្រោម,Chamna Kraom,060802
ខេត្ត កំពង់ធំ,Kampong Thom,060000,ស្រុក ស្ទោង,Stoung,060800,ឃុំ ចំណាលើ,Chamna Leu,060803
ខេត្ត កំពង់ធំ,Kampong Thom,060000,ស្រុក ស្ទោង,Stoung,060800,ឃុំ កំពង់ចិនជើង,Kampong Chen Cheung,060804
ខេត្ត កំពង់ធំ,Kampong Thom,060000,ស្រុក ស្ទោង,Stoung,060800,ឃុំ កំពង់ចិនត្បូង,Kampong Chen Tboung,060805
ខេត្ត កំពង់ធំ,Kampong Thom,060000,ស្រុក ស្ទោង,Stoung,060800,ឃុំ ម្សាក្រង,Msa Krang,060806
ខេត្ត កំពង់ធំ,Kampong Thom,060000,ស្រុក ស្ទោង,Stoung,060800,ឃុំ ពាមបាង,Peam Bang,060807
ខេត្ត កំពង់ធំ,Kampong Thom,060000,ស្រុក ស្ទោង,Stoung,060800,ឃុំ ពពក,Popok,060808
ខេត្ត កំពង់ធំ,Kampong Thom,060000,ស្រុក ស្ទោង,Stoung,060800,ឃុំ ប្រឡាយ,Pralay,060809
ខេត្ត កំពង់ធំ,Kampong Thom,060000,ស្រុក ស្ទោង,Stoung,060800,ឃុំ ព្រះដំរី,Preah Damrei,060810
ខេត្ត កំពង់ធំ,Kampong Thom,060000,ស្រុក ស្ទោង,Stoung,060800,ឃុំ រុងរឿង,Rung Roeang,060811
ខេត្ត កំពង់ធំ,Kampong Thom,060000,ស្រុក ស្ទោង,Stoung,060800,ឃុំ សំព្រោជ,Samprouch,060812
ខេត្ត កំពង់ធំ,Kampong Thom,060000,ស្រុក ស្ទោង,Stoung,060800,ឃុំ ទ្រា,Trea,060813
ខេត្ត កំពង់ធំ,Kampong Thom,060000,ស្រុក តាំងគោក,Tang Kouk,060900,ឃុំ ពង្រ,Pungro,060901
ខេត្ត កំពង់ធំ,Kampong Thom,060000,ស្រុក តាំងគោក,Tang Kouk,060900,ឃុំ ច្រនាង,Chraneang,060902
ខេត្ត កំពង់ធំ,Kampong Thom,060000,ស្រុក តាំងគោក,Tang Kouk,060900,ឃុំ ជ្រលង,Chrolong,060903
ខេត្ត កំពង់ធំ,Kampong Thom,060000,ស្រុក តាំងគោក,Tang Kouk,060900,ឃុំ ទ្រៀល,Triel,060904
ខេត្ត កំពង់ធំ,Kampong Thom,060000,ស្រុក តាំងគោក,Tang Kouk,060900,ឃុំ សូយោង,Sou Young,060905
ខេត្ត កំពង់ធំ,Kampong Thom,060000,ស្រុក តាំងគោក,Tang Kouk,060900,ឃុំ ស្រឡៅ,Sralau,060906
ខេត្ត កំពង់ធំ,Kampong Thom,060000,ស្រុក តាំងគោក,Tang Kouk,060900,ឃុំ ស្វាយភ្លើង,Svay Phleung,060907
ខេត្ត កំពង់ធំ,Kampong Thom,060000,ស្រុក តាំងគោក,Tang Kouk,060900,ឃុំ អណ្តូងពោធិ៍,Andoung Pou,060908
ខេត្ត កំពត,Kampot,070000,ស្រុក អង្គរជ័យ,Angkor Chey,070100,ឃុំ អង្គភ្នំតូច,Ang Phnum Touch,070101
ខេត្ត កំពត,Kampot,070000,ស្រុក អង្គរជ័យ,Angkor Chey,070100,ឃុំ អង្គរជ័យ,Angkor Chey,070102
ខេត្ត កំពត,Kampot,070000,ស្រុក អង្គរជ័យ,Angkor Chey,070100,ឃុំ ចំប៉ី,Champei,070103
ខេត្ត កំពត,Kampot,070000,ស្រុក អង្គរជ័យ,Angkor Chey,070100,ឃុំ ដំបូកខ្ពស់,Dambouk Khpuos,070104
ខេត្ត កំពត,Kampot,070000,ស្រុក អង្គរជ័យ,Angkor Chey,070100,ឃុំ ដានគោម,Dan Koum,070105
ខេត្ត កំពត,Kampot,070000,ស្រុក អង្គរជ័យ,Angkor Chey,070100,ឃុំ ដើមដូង,Daeum Doung,070106
ខេត្ត កំពត,Kampot,070000,ស្រុក អង្គរជ័យ,Angkor Chey,070100,ឃុំ ម្រោម,Mroum,070107
ខេត្ត កំពត,Kampot,070000,ស្រុក អង្គរជ័យ,Angkor Chey,070100,ឃុំ ភ្នំកុង,Phnum Kong,070108
ខេត្ត កំពត,Kampot,070000,ស្រុក អង្គរជ័យ,Angkor Chey,070100,ឃុំ ប្រភ្នំ,Praphnum,070109
ខេត្ត កំពត,Kampot,070000,ស្រុក អង្គរជ័យ,Angkor Chey,070100,ឃុំ សំឡាញ,Samlanh,070110
ខេត្ត កំពត,Kampot,070000,ស្រុក អង្គរជ័យ,Angkor Chey,070100,ឃុំ តានី,Tani,070111
ខេត្ត កំពត,Kampot,070000,ស្រុក បន្ទាយមាស,Banteay Meas,070200,ឃុំ បន្ទាយមាសខាងកើត,Banteay Meas Khang Kaeut,070201
ខេត្ត កំពត,Kampot,070000,ស្រុក បន្ទាយមាស,Banteay Meas,070200,ឃុំ បន្ទាយមាសខាងលិច,Banteay Meas Khang Lech,070202
ខេត្ត កំពត,Kampot,070000,ស្រុក បន្ទាយមាស,Banteay Meas,070200,ឃុំ ព្រៃទន្លេ,Prey Tonle,070203
ខេត្ត កំពត,Kampot,070000,ស្រុក បន្ទាយមាស,Banteay Meas,070200,ឃុំ សំរោងក្រោម,Samraong Kraom,070204
ខេត្ត កំពត,Kampot,070000,ស្រុក បន្ទាយមាស,Banteay Meas,070200,ឃុំ សំរោងលើ,Samraong Leu,070205
ខេត្ត កំពត,Kampot,070000,ស្រុក បន្ទាយមាស,Banteay Meas,070200,ឃុំ ស្តេចគង់ខាងជើង,Sdach Kung Khang Cheung,070206
ខេត្ត កំពត,Kampot,070000,ស្រុក បន្ទាយមាស,Banteay Meas,070200,ឃុំ ស្តេចគង់ខាងលិច,Sdach Kung Khang Lech,070207
ខេត្ត កំពត,Kampot,070000,ស្រុក បន្ទាយមាស,Banteay Meas,070200,ឃុំ ស្តេចគង់ខាងត្បូង,Sdach Kung Khang Tboung,070208
ខេត្ត កំពត,Kampot,070000,ស្រុក បន្ទាយមាស,Banteay Meas,070200,ឃុំ ត្នោតចុងស្រង់,Tnaot Chong Srang,070209
ខេត្ត កំពត,Kampot,070000,ស្រុក បន្ទាយមាស,Banteay Meas,070200,ឃុំ ត្រពាំងសាលាខាងកើត,Trapeang Sala Khang Kaeut,070210
ខេត្ត កំពត,Kampot,070000,ស្រុក បន្ទាយមាស,Banteay Meas,070200,ឃុំ ត្រពាំងសាលាខាងលិច,Trapeang Sala Khang Lech,070211
ខេត្ត កំពត,Kampot,070000,ស្រុក បន្ទាយមាស,Banteay Meas,070200,ឃុំ ទូកមាសខាងកើត,Touk Meas Khang Kaeut,070212
ខេត្ត កំពត,Kampot,070000,ស្រុក បន្ទាយមាស,Banteay Meas,070200,ឃុំ ទូកមាសខាងលិច,Touk Meas Khang Lech,070213
ខេត្ត កំពត,Kampot,070000,ស្រុក បន្ទាយមាស,Banteay Meas,070200,ឃុំ វត្តអង្គខាងជើង,Voat Angk Khang Cheung,070214
ខេត្ត កំពត,Kampot,070000,ស្រុក បន្ទាយមាស,Banteay Meas,070200,ឃុំ វត្តអង្គខាងត្បូង,Voat Angk Khang Tboung,070215
ខេត្ត កំពត,Kampot,070000,ស្រុក ឈូក,Chhuk Distict,070300,ឃុំ បានៀវ,Ba Niev,070301
ខេត្ត កំពត,Kampot,070000,ស្រុក ឈូក,Chhuk Distict,070300,ឃុំ តាកែន,Ta Kaen,070302
ខេត្ត កំពត,Kampot,070000,ស្រុក ឈូក,Chhuk Distict,070300,ឃុំ បឹងនិមល,Boeng Nimul,070303
ខេត្ត កំពត,Kampot,070000,ស្រុក ឈូក,Chhuk Distict,070300,ឃុំ ឈូក,Chhuk,070304
ខេត្ត កំពត,Kampot,070000,ស្រុក ឈូក,Chhuk Distict,070300,ឃុំ ដូនយ៉យ,Doun Yay,070305
ខេត្ត កំពត,Kampot,070000,ស្រុក ឈូក,Chhuk Distict,070300,ឃុំ ក្រាំងស្បូវ,Krang Sbouv,070306
ខេត្ត កំពត,Kampot,070000,ស្រុក ឈូក,Chhuk Distict,070300,ឃុំ ក្រាំងស្នាយ,Krang Snay,070307
ខេត្ត កំពត,Kampot,070000,ស្រុក ឈូក,Chhuk Distict,070300,ឃុំ ល្បើក,Lbaeuk,070308
ខេត្ត កំពត,Kampot,070000,ស្រុក ឈូក,Chhuk Distict,070300,ឃុំ ត្រពាំងភ្លាំង,Trapeang Phleang,070309
ខេត្ត កំពត,Kampot,070000,ស្រុក ឈូក,Chhuk Distict,070300,ឃុំ មានជ័យ,Mean Chey,070310
ខេត្ត កំពត,Kampot,070000,ស្រុក ឈូក,Chhuk Distict,070300,ឃុំ នារាយណ៍,Neareay,070311
ខេត្ត កំពត,Kampot,070000,ស្រុក ឈូក,Chhuk Distict,070300,ឃុំ សត្វពង,Sat Pong,070312
ខេត្ត កំពត,Kampot,070000,ស្រុក ឈូក,Chhuk Distict,070300,ឃុំ ត្រពាំងបី,Trapeang Bei,070313
ខេត្ត កំពត,Kampot,070000,ស្រុក ឈូក,Chhuk Distict,070300,ឃុំ ត្រមែង,Trameaeng,070314
ខេត្ត កំពត,Kampot,070000,ស្រុក ឈូក,Chhuk Distict,070300,ឃុំ តេជោអភិវឌ្ឍន៍,Dechou Akphivoad,070315
ខេត្ត កំពត,Kampot,070000,ស្រុក ជុំគីរី,Chum Kiri,070400,ឃុំ ច្រេស,Chres,070401
ខេត្ត កំពត,Kampot,070000,ស្រុក ជុំគីរី,Chum Kiri,070400,ឃុំ ជំពូវន្ត,Chumpu Voan,070402
ខេត្ត កំពត,Kampot,070000,ស្រុក ជុំគីរី,Chum Kiri,070400,ឃុំ ស្នាយអញ្ជិត,Snay Anhchit,070403
ខេត្ត កំពត,Kampot,070000,ស្រុក ជុំគីរី,Chum Kiri,070400,ឃុំ ស្រែចែង,Srae Chaeng,070404
ខេត្ត កំពត,Kampot,070000,ស្រុក ជុំគីរី,Chum Kiri,070400,ឃុំ ស្រែក្នុង,Srae Knong,070405
ខេត្ត កំពត,Kampot,070000,ស្រុក ជុំគីរី,Chum Kiri,070400,ឃុំ ស្រែសំរោង,Srae Samraong,070406
ខេត្ត កំពត,Kampot,070000,ស្រុក ជុំគីរី,Chum Kiri,070400,ឃុំ ត្រពាំងរាំង,Trapeang Reang,070407
ខេត្ត កំពត,Kampot,070000,ស្រុក ដងទង់,Dang Tong,070500,ឃុំ ដំណាក់សុក្រំ,Damnak Sokram,070501
ខេត្ត កំពត,Kampot,070000,ស្រុក ដងទង់,Dang Tong,070500,ឃុំ ដងទង់,Dang Tong,070502
ខេត្ត កំពត,Kampot,070000,ស្រុក ដងទង់,Dang Tong,070500,ឃុំ ខ្ជាយខាងជើង,Khcheay Khang Cheung,070503
ខេត្ត កំពត,Kampot,070000,ស្រុក ដងទង់,Dang Tong,070500,ឃុំ ខ្ជាយខាងត្បូង,Khcheay Khang Tboung,070504
ខេត្ត កំពត,Kampot,070000,ស្រុក ដងទង់,Dang Tong,070500,ឃុំ មានរិទ្ធិ,Mean Rit,070505
ខេត្ត កំពត,Kampot,070000,ស្រុក ដងទង់,Dang Tong,070500,ឃុំ ស្រែជាខាងជើង,Srae Chea Khang Cheung,070506
ខេត្ត កំពត,Kampot,070000,ស្រុក ដងទង់,Dang Tong,070500,ឃុំ ស្រែជាខាងត្បូង,Srae Chea Khang Tboung,070507
ខេត្ត កំពត,Kampot,070000,ស្រុក ដងទង់,Dang Tong,070500,ឃុំ ទទុង,Totung,070508
ខេត្ត កំពត,Kampot,070000,ស្រុក ដងទង់,Dang Tong,070500,ឃុំ អង្គ រមាស,Ang Romeas,070509
ខេត្ត កំពត,Kampot,070000,ស្រុក ដងទង់,Dang Tong,070500,ឃុំ ល្អាង,L'ang,070510
ខេត្ត កំពត,Kampot,070000,ស្រុក កំពង់ត្រាច,Kampong Trach,070600,ឃុំ បឹងសាលាខាងជើង,Boeng Sala Khang Cheung,070601
ខេត្ត កំពត,Kampot,070000,ស្រុក កំពង់ត្រាច,Kampong Trach,070600,ឃុំ បឹងសាលាខាងត្បូង,Boeng Sala Khang Tboung,070602
ខេត្ត កំពត,Kampot,070000,ស្រុក កំពង់ត្រាច,Kampong Trach,070600,ឃុំ ដំណាក់កន្ទួតខាងជើង,Damnak Kantuot Khang Cheung,070603
ខេត្ត កំពត,Kampot,070000,ស្រុក កំពង់ត្រាច,Kampong Trach,070600,ឃុំ ដំណាក់កន្ទួតខាងត្បូង,Damnak Kantuot Khang Tboung,070604
ខេត្ត កំពត,Kampot,070000,ស្រុក កំពង់ត្រាច,Kampong Trach,070600,ឃុំ កំពង់ត្រាចខាងកើត,Kampong Trach Khang Kaeut,070605
ខេត្ត កំពត,Kampot,070000,ស្រុក កំពង់ត្រាច,Kampong Trach,070600,ឃុំ កំពង់ត្រាចខាងលិច,Kampong Trach Khang Lech,070606
ខេត្ត កំពត,Kampot,070000,ស្រុក កំពង់ត្រាច,Kampong Trach,070600,ឃុំ ប្រាសាទភ្នំខ្យង,Prasat Phnum Khyang,070607
ខេត្ត កំពត,Kampot,070000,ស្រុក កំពង់ត្រាច,Kampong Trach,070600,ឃុំ ភ្នំប្រាសាទ,Phnum Prasat,070608
ខេត្ត កំពត,Kampot,070000,ស្រុក កំពង់ត្រាច,Kampong Trach,070600,ឃុំ អង្គសុរភី,Ang Sophi,070609
ខេត្ត កំពត,Kampot,070000,ស្រុក កំពង់ត្រាច,Kampong Trach,070600,ឃុំ ព្រែកក្រឹស,Preaek Kroes,070612
ខេត្ត កំពត,Kampot,070000,ស្រុក កំពង់ត្រាច,Kampong Trach,070600,ឃុំ ប្ញស្សីស្រុកខាងកើត,Ruessei Srok Khang Kaeut,070613
ខេត្ត កំពត,Kampot,070000,ស្រុក កំពង់ត្រាច,Kampong Trach,070600,ឃុំ ប្ញស្សីស្រុកខាងលិច,Ruessei Srok Khang Lech,070614
ខេត្ត កំពត,Kampot,070000,ស្រុក កំពង់ត្រាច,Kampong Trach,070600,ឃុំ ស្វាយទងខាងជើង,Svay Tong Khang Cheung,070615
ខេត្ត កំពត,Kampot,070000,ស្រុក កំពង់ត្រាច,Kampong Trach,070600,ឃុំ ស្វាយទងខាងត្បូង,Svay Tong Khang Tboung,070616
ខេត្ត កំពត,Kampot,070000,ស្រុក ទឹកឈូ,Tuek Chhu,070700,ឃុំ ជុំគ្រៀល,Chum Kriel,070702
ខេត្ត កំពត,Kampot,070000,ស្រុក ទឹកឈូ,Tuek Chhu,070700,ឃុំ កំពង់គ្រែង,Kampong Kraeng,070703
ខេត្ត កំពត,Kampot,070000,ស្រុក ទឹកឈូ,Tuek Chhu,070700,ឃុំ កំពង់សំរោង,Kampong Samraong,070704
ខេត្ត កំពត,Kampot,070000,ស្រុក ទឹកឈូ,Tuek Chhu,070700,ឃុំ កណ្តោល,Kandaol,070705
ខេត្ត កំពត,Kampot,070000,ស្រុក ទឹកឈូ,Tuek Chhu,070700,ឃុំ កូនសត្វ,Koun Sat,070708
ខេត្ត កំពត,Kampot,070000,ស្រុក ទឹកឈូ,Tuek Chhu,070700,ឃុំ ម៉ាក់ប្រាង្គ,Makprang,070709
ខេត្ត កំពត,Kampot,070000,ស្រុក ទឹកឈូ,Tuek Chhu,070700,ឃុំ ព្រៃឃ្មុំ,Prey Khmum,070712
ខេត្ត កំពត,Kampot,070000,ស្រុក ទឹកឈូ,Tuek Chhu,070700,ឃុំ ព្រៃថ្នង,Prey Thnang,070713
ខេត្ត កំពត,Kampot,070000,ស្រុក ទឹកឈូ,Tuek Chhu,070700,ឃុំ ស្ទឹងកែវ,Stueng Kaev,070715
ខេត្ត កំពត,Kampot,070000,ស្រុក ទឹកឈូ,Tuek Chhu,070700,ឃុំ ថ្មី,Thmei,070716
ខេត្ត កំពត,Kampot,070000,ស្រុក ទឹកឈូ,Tuek Chhu,070700,ឃុំ ត្រពាំងព្រីង,Trapeang Pring,070717
ខេត្ត កំពត,Kampot,070000,ស្រុក ទឹកឈូ,Tuek Chhu,070700,ឃុំ ត្រពាំងសង្កែ,Trapeang Sangkae,070718
ខេត្ត កំពត,Kampot,070000,ស្រុក ទឹកឈូ,Tuek Chhu,070700,ឃុំ ត្រពាំងធំ,Trapeang Thum,070719
ខេត្ត កំពត,Kampot,070000,ក្រុង កំពត,Kampot,070800,សង្កាត់ កំពង់កណ្តាល,Sangkat Kampong Kandal,070801
ខេត្ត កំពត,Kampot,070000,ក្រុង កំពត,Kampot,070800,សង្កាត់ ក្រាំងអំពិល,Sangkat Krang Ampil,070802
ខេត្ត កំពត,Kampot,070000,ក្រុង កំពត,Kampot,070800,សង្កាត់ កំពង់បាយ,Sangkat Kampong Bay,070803
ខេត្ត កំពត,Kampot,070000,ក្រុង កំពត,Kampot,070800,សង្កាត់ អណ្តូងខ្មែរ,Sangkat Andoung Khmer,070804
ខេត្ត កំពត,Kampot,070000,ក្រុង កំពត,Kampot,070800,សង្កាត់ ត្រើយកោះ,Sangkat Traeuy Kaoh,070805
ខេត្ត កំពត,Kampot,070000,ក្រុង បូកគោ,Bouk Kou,070900,សង្កាត់ បឹងទូក,Sangkat Boeng Tuk,070901
ខេត្ត កំពត,Kampot,070000,ក្រុង បូកគោ,Bouk Kou,070900,សង្កាត់ កោះតូច,Sangkat Kaoh Touch,070902
ខេត្ត កំពត,Kampot,070000,ក្រុង បូកគោ,Bouk Kou,070900,សង្កាត់ ព្រែកត្នោត,Sangkat Preaek Tnaot,070903
ខេត្ត កណ្តាល,Kandal,080000,ស្រុក កណ្តាលស្ទឹង,Kandal Stueng,080100,ឃុំ អំពៅព្រៃ,Ampov Prey,080101
ខេត្ត កណ្តាល,Kandal,080000,ស្រុក កណ្តាលស្ទឹង,Kandal Stueng,080100,ឃុំ អន្លង់រមៀត,Anlung Romiet,080102
ខេត្ត កណ្តាល,Kandal,080000,ស្រុក កណ្តាលស្ទឹង,Kandal Stueng,080100,ឃុំ បារគូ,Barku,080103
ខេត្ត កណ្តាល,Kandal,080000,ស្រុក កណ្តាលស្ទឹង,Kandal Stueng,080100,ឃុំ បឹងខ្យាង,Boeng Khyang,080104
ខេត្ត កណ្តាល,Kandal,080000,ស្រុក កណ្តាលស្ទឹង,Kandal Stueng,080100,ឃុំ ជើងកើប,Cheung Kaeub,080105
ខេត្ត កណ្តាល,Kandal,080000,ស្រុក កណ្តាលស្ទឹង,Kandal Stueng,080100,ឃុំ ដើមប្ញស,Daeum Rues,080106
ខេត្ត កណ្តាល,Kandal,080000,ស្រុក កណ្តាលស្ទឹង,Kandal Stueng,080100,ឃុំ កណ្តោក,Kandaok,080107
ខេត្ត កណ្តាល,Kandal,080000,ស្រុក កណ្តាលស្ទឹង,Kandal Stueng,080100,ឃុំ ថ្មី,Thmei,080108
ខេត្ត កណ្តាល,Kandal,080000,ស្រុក កណ្តាលស្ទឹង,Kandal Stueng,080100,ឃុំ គោកត្រប់,Kouk Trab,080109
ខេត្ត កណ្តាល,Kandal,080000,ស្រុក កណ្តាលស្ទឹង,Kandal Stueng,080100,ឃុំ ព្រះពុទ្ធ,Preah Put,080113
ខេត្ត កណ្តាល,Kandal,080000,ស្រុក កណ្តាលស្ទឹង,Kandal Stueng,080100,ឃុំ ព្រែករកា,Preaek Roka,080115
ខេត្ត កណ្តាល,Kandal,080000,ស្រុក កណ្តាលស្ទឹង,Kandal Stueng,080100,ឃុំ ព្រែកស្លែង,Preaek Slaeng,080116
ខេត្ត កណ្តាល,Kandal,080000,ស្រុក កណ្តាលស្ទឹង,Kandal Stueng,080100,ឃុំ រកា,Roka,080117
ខេត្ត កណ្តាល,Kandal,080000,ស្រុក កណ្តាលស្ទឹង,Kandal Stueng,080100,ឃុំ រលាំងកែន,Roleang Kaen,080118
ខេត្ត កណ្តាល,Kandal,080000,ស្រុក កណ្តាលស្ទឹង,Kandal Stueng,080100,ឃុំ សៀមរាប,Siem Reab,080122
ខេត្ត កណ្តាល,Kandal,080000,ស្រុក កណ្តាលស្ទឹង,Kandal Stueng,080100,ឃុំ ត្បែង,Tbaeng,080125
ខេត្ត កណ្តាល,Kandal,080000,ស្រុក កណ្តាលស្ទឹង,Kandal Stueng,080100,ឃុំ ត្រពាំងវែង,Trapeang Veaeng,080127
ខេត្ត កណ្តាល,Kandal,080000,ស្រុក កណ្តាលស្ទឹង,Kandal Stueng,080100,ឃុំ ទ្រា,Trea,080128
ខេត្ត កណ្តាល,Kandal,080000,ស្រុក គៀនស្វាយ,Kien Svay,080200,ឃុំ បន្ទាយដែក,Banteay Daek,080201
ខេត្ត កណ្តាល,Kandal,080000,ស្រុក គៀនស្វាយ,Kien Svay,080200,ឃុំ ឈើទាល,Chheu Teal,080202
ខេត្ត កណ្តាល,Kandal,080000,ស្រុក គៀនស្វាយ,Kien Svay,080200,ឃុំ ដីឥដ្ឋ,Dei Ed,080203
ខេត្ត កណ្តាល,Kandal,080000,ស្រុក គៀនស្វាយ,Kien Svay,080200,ឃុំ កំពង់ស្វាយ,Kampong Svay,080204
ខេត្ត កណ្តាល,Kandal,080000,ស្រុក គៀនស្វាយ,Kien Svay,080200,ឃុំ គគីរ,Kokir,080206
ខេត្ត កណ្តាល,Kandal,080000,ស្រុក គៀនស្វាយ,Kien Svay,080200,ឃុំ គគីរធំ,Kokir Thum,080207
ខេត្ត កណ្តាល,Kandal,080000,ស្រុក គៀនស្វាយ,Kien Svay,080200,ឃុំ ភូមិធំ,Phum Thum,080208
ខេត្ត កណ្តាល,Kandal,080000,ស្រុក គៀនស្វាយ,Kien Svay,080200,ឃុំ សំរោងធំ,Samraong Thum,080211
ខេត្ត កណ្តាល,Kandal,080000,ស្រុក ខ្សាច់កណ្តាល,Khsach Kandal,080300,ឃុំ ជ័យធំ,Chey Thum,080302
ខេត្ត កណ្តាល,Kandal,080000,ស្រុក ខ្សាច់កណ្តាល,Khsach Kandal,080300,ឃុំ កំពង់ចំលង,Kampong Chamlang,080303
ខេត្ត កណ្តាល,Kandal,080000,ស្រុក ខ្សាច់កណ្តាល,Khsach Kandal,080300,ឃុំ កោះជូរាម,Kaoh Chouram,080304
ខេត្ត កណ្តាល,Kandal,080000,ស្រុក ខ្សាច់កណ្តាល,Khsach Kandal,080300,ឃុំ ព្រះប្រសប់,Preah Prasab,080306
ខេត្ត កណ្តាល,Kandal,080000,ស្រុក ខ្សាច់កណ្តាល,Khsach Kandal,080300,ឃុំ ព្រែកតាមាក់,Preaek Ta Meak,080310
ខេត្ត កណ្តាល,Kandal,080000,ស្រុក ខ្សាច់កណ្តាល,Khsach Kandal,080300,ឃុំ ពុកប្ញស្សី,Puk Ruessei,080311
ខេត្ត កណ្តាល,Kandal,080000,ស្រុក ខ្សាច់កណ្តាល,Khsach Kandal,080300,ឃុំ រកាជន្លឹង,Roka Chunlueng,080312
ខេត្ត កណ្តាល,Kandal,080000,ស្រុក ខ្សាច់កណ្តាល,Khsach Kandal,080300,ឃុំ សន្លុង,Sanlung,080313
ខេត្ត កណ្តាល,Kandal,080000,ស្រុក ខ្សាច់កណ្តាល,Khsach Kandal,080300,ឃុំ ស៊ីធរ,Sithor,080314
ខេត្ត កណ្តាល,Kandal,080000,ស្រុក ខ្សាច់កណ្តាល,Khsach Kandal,080300,ឃុំ ស្វាយរមៀត,Svay Romiet,080316
ខេត្ត កណ្តាល,Kandal,080000,ស្រុក ខ្សាច់កណ្តាល,Khsach Kandal,080300,ឃុំ តាឯក,Ta Aek,080317
ខេត្ត កណ្តាល,Kandal,080000,ស្រុក ខ្សាច់កណ្តាល,Khsach Kandal,080300,ឃុំ វិហារសួគ៌,Vihea Suor,080318
ខេត្ត កណ្តាល,Kandal,080000,ស្រុក កោះធំ,Kaoh Thum,080400,ឃុំ កំពង់កុង,Kampong Kong,080403
ខេត្ត កណ្តាល,Kandal,080000,ស្រុក កោះធំ,Kaoh Thum,080400,"ឃុំ កោះធំ "" ក ""","Kaoh Thum "" Ka """,080404
ខេត្ត កណ្តាល,Kandal,080000,ស្រុក កោះធំ,Kaoh Thum,080400,"ឃុំ កោះធំ "" ខ ""","Kaoh Thum "" Kha """,080405
ខេត្ត កណ្តាល,Kandal,080000,ស្រុក កោះធំ,Kaoh Thum,080400,ឃុំ លើកដែក,Leuk Daek,080407
ខេត្ត កណ្តាល,Kandal,080000,ស្រុក កោះធំ,Kaoh Thum,080400,ឃុំ ពោធិ៍បាន,Pou Ban,080408
ខេត្ត កណ្តាល,Kandal,080000,ស្រុក កោះធំ,Kaoh Thum,080400,ឃុំ ព្រែកថ្មី,Preaek Thmei,080411
ខេត្ត កណ្តាល,Kandal,080000,ស្រុក លើកដែក,Leuk Daek,080500,ឃុំ កំពង់ភ្នំ,Kampong Phnum,080501
ខេត្ត កណ្តាល,Kandal,080000,ស្រុក លើកដែក,Leuk Daek,080500,ឃុំ ក្អមសំណរ,K'am Samnar,080502
ខេត្ត កណ្តាល,Kandal,080000,ស្រុក លើកដែក,Leuk Daek,080500,ឃុំ ខ្ពបអាទាវ,Khpob Ateav,080503
ខេត្ត កណ្តាល,Kandal,080000,ស្រុក លើកដែក,Leuk Daek,080500,ឃុំ ពាមរាំង,Peam Reang,080504
ខេត្ត កណ្តាល,Kandal,080000,ស្រុក លើកដែក,Leuk Daek,080500,ឃុំ ព្រែកដាច់,Preaek Dach,080505
ខេត្ត កណ្តាល,Kandal,080000,ស្រុក លើកដែក,Leuk Daek,080500,ឃុំ ព្រែកទន្លាប់,Preaek Tunloab,080506
ខេត្ត កណ្តាល,Kandal,080000,ស្រុក លើកដែក,Leuk Daek,080500,ឃុំ សណ្ដារ,Sandar,080507
ខេត្ត កណ្តាល,Kandal,080000,ស្រុក ល្វាឯម,Lvea Aem,080600,ឃុំ បឹងគ្រំ,Boeng Krum,080603
ខេត្ត កណ្តាល,Kandal,080000,ស្រុក ល្វាឯម,Lvea Aem,080600,ឃុំ កោះកែវ,Kaoh Kaev,080604
ខេត្ត កណ្តាល,Kandal,080000,ស្រុក ល្វាឯម,Lvea Aem,080600,ឃុំ កោះរះ,Kaoh Reah,080605
ខេត្ត កណ្តាល,Kandal,080000,ស្រុក ល្វាឯម,Lvea Aem,080600,ឃុំ ល្វាសរ,Lvea Sar,080606
ខេត្ត កណ្តាល,Kandal,080000,ស្រុក ល្វាឯម,Lvea Aem,080600,ឃុំ ភូមិធំ,Phum Thum,080608
ខេត្ត កណ្តាល,Kandal,080000,ស្រុក ល្វាឯម,Lvea Aem,080600,ឃុំ ព្រែករៃ,Preaek Rey,080610
ខេត្ត កណ្តាល,Kandal,080000,ស្រុក ល្វាឯម,Lvea Aem,080600,ឃុំ ព្រែកប្ញស្សី,Preaek Ruessei,080611
ខេត្ត កណ្តាល,Kandal,080000,ស្រុក ល្វាឯម,Lvea Aem,080600,ឃុំ សំបួរ,Sambuor,080612
ខេត្ត កណ្តាល,Kandal,080000,ស្រុក ល្វាឯម,Lvea Aem,080600,ឃុំ ថ្មគរ,Thma Kor,080614
ខេត្ត កណ្តាល,Kandal,080000,ស្រុក ល្វាឯម,Lvea Aem,080600,ឃុំ ទឹកឃ្លាំង,Tuek Khleang,080615
ខេត្ត កណ្តាល,Kandal,080000,ស្រុក មុខកំពូល,Mukh Kampuol,080700,ឃុំ ព្រែកអញ្ចាញ,Preaek Anhchanh,080703
ខេត្ត កណ្តាល,Kandal,080000,ស្រុក មុខកំពូល,Mukh Kampuol,080700,ឃុំ ព្រែកដំបង,Preaek Dambang,080704
ខេត្ត កណ្តាល,Kandal,080000,ស្រុក មុខកំពូល,Mukh Kampuol,080700,ឃុំ រកាកោង ទី ១,Roka Kaong Ti Muoy,080707
ខេត្ត កណ្តាល,Kandal,080000,ស្រុក មុខកំពូល,Mukh Kampuol,080700,ឃុំ រកាកោង ទី ២,Roka Kaong Ti Pir,080708
ខេត្ត កណ្តាល,Kandal,080000,ស្រុក មុខកំពូល,Mukh Kampuol,080700,ឃុំ ប្ញស្សីជ្រោយ,Ruessei Chrouy,080709
ខេត្ត កណ្តាល,Kandal,080000,ស្រុក មុខកំពូល,Mukh Kampuol,080700,ឃុំ សំបួរមាស,Sambuor Meas,080710
ខេត្ត កណ្តាល,Kandal,080000,ស្រុក មុខកំពូល,Mukh Kampuol,080700,ឃុំ ស្វាយអំពារ,Svay Ampear,080711
ខេត្ត កណ្តាល,Kandal,080000,ស្រុក អង្គស្នួល,Ang Snuol,080800,ឃុំ បែកចាន,Baek Chan,080801
ខេត្ត កណ្តាល,Kandal,080000,ស្រុក អង្គស្នួល,Ang Snuol,080800,ឃុំ ឆក់ឈើនាង,Chhak Chheu Neang,080803
ខេត្ត កណ្តាល,Kandal,080000,ស្រុក អង្គស្នួល,Ang Snuol,080800,ឃុំ ដំណាក់អំពិល,Damnak Ampil,080804
ខេត្ត កណ្តាល,Kandal,080000,ស្រុក អង្គស្នួល,Ang Snuol,080800,ឃុំ ក្រាំងម្កាក់,Krang Mkak,080807
ខេត្ត កណ្តាល,Kandal,080000,ស្រុក អង្គស្នួល,Ang Snuol,080800,ឃុំ លំហាច,Lumhach,080808
ខេត្ត កណ្តាល,Kandal,080000,ស្រុក អង្គស្នួល,Ang Snuol,080800,ឃុំ ម្កាក់,Mkak,080809
ខេត្ត កណ្តាល,Kandal,080000,ស្រុក អង្គស្នួល,Ang Snuol,080800,ឃុំ ពើក,Peuk,080811
ខេត្ត កណ្តាល,Kandal,080000,ស្រុក អង្គស្នួល,Ang Snuol,080800,ឃុំ ព្រៃពួច,Prey Puoch,080813
ខេត្ត កណ្តាល,Kandal,080000,ស្រុក អង្គស្នួល,Ang Snuol,080800,ឃុំ សំរោងលើ,Samraong Leu,080814
ខេត្ត កណ្តាល,Kandal,080000,ស្រុក អង្គស្នួល,Ang Snuol,080800,ឃុំ ទួលព្រេជ,Tuol Prech,080816
ខេត្ត កណ្តាល,Kandal,080000,ស្រុក ពញាឮ,Ponhea Lueu,080900,ឃុំ ឈ្វាំង,Chhveang,080901
ខេត្ត កណ្តាល,Kandal,080000,ស្រុក ពញាឮ,Ponhea Lueu,080900,ឃុំ ជ្រៃលាស់,Chrey Loas,080902
ខេត្ត កណ្តាល,Kandal,080000,ស្រុក ពញាឮ,Ponhea Lueu,080900,ឃុំ កំពង់ហ្លួង,Kampong Luong,080903
ខេត្ត កណ្តាល,Kandal,080000,ស្រុក ពញាឮ,Ponhea Lueu,080900,ឃុំ កំពង់អុស,Kampong Os,080904
ខេត្ត កណ្តាល,Kandal,080000,ស្រុក ពញាឮ,Ponhea Lueu,080900,ឃុំ កោះចិន,Kaoh Chen,080905
ខេត្ត កណ្តាល,Kandal,080000,ស្រុក ពញាឮ,Ponhea Lueu,080900,ឃុំ ភ្នំបាត,Phnum Bat,080906
ខេត្ត កណ្តាល,Kandal,080000,ស្រុក ពញាឮ,Ponhea Lueu,080900,ឃុំ ពញាឮ,Ponhea Lueu,080907
ខេត្ត កណ្តាល,Kandal,080000,ស្រុក ពញាឮ,Ponhea Lueu,080900,ឃុំ ព្រែកតាទែន,Preaek Ta Teaen,080910
ខេត្ត កណ្តាល,Kandal,080000,ស្រុក ពញាឮ,Ponhea Lueu,080900,ឃុំ ផ្សារដែក,Phsar Daek,080911
ខេត្ត កណ្តាល,Kandal,080000,ស្រុក ពញាឮ,Ponhea Lueu,080900,ឃុំ ទំនប់ធំ,Tumnub Thum,080913
ខេត្ត កណ្តាល,Kandal,080000,ស្រុក ពញាឮ,Ponhea Lueu,080900,ឃុំ វិហារហ្លួង,Vihea Luong,080914
ខេត្ត កណ្តាល,Kandal,080000,ស្រុក ស្អាង,S'ang,081000,ឃុំ ខ្ពប,Khpob,081001
ខេត្ត កណ្តាល,Kandal,080000,ស្រុក ស្អាង,S'ang,081000,ឃុំ កោះខែល,Kaoh Khael,081003
ខេត្ត កណ្តាល,Kandal,080000,ស្រុក ស្អាង,S'ang,081000,ឃុំ កោះខ្សាច់ទន្លា,Kaoh Khsach Tunlea,081004
ខេត្ត កណ្តាល,Kandal,080000,ស្រុក ស្អាង,S'ang,081000,ឃុំ ក្រាំងយ៉ូវ,Krang Youv,081005
ខេត្ត កណ្តាល,Kandal,080000,ស្រុក ស្អាង,S'ang,081000,ឃុំ ប្រាសាទ,Prasat,081006
ខេត្ត កណ្តាល,Kandal,080000,ស្រុក ស្អាង,S'ang,081000,ឃុំ ព្រែកអំបិល,Preaek Ambel,081007
ខេត្ត កណ្តាល,Kandal,080000,ស្រុក ស្អាង,S'ang,081000,ឃុំ ព្រែកគយ,Preaek Koy,081008
ខេត្ត កណ្តាល,Kandal,080000,ស្រុក ស្អាង,S'ang,081000,ឃុំ ស្អាងភ្នំ,S'ang Phnum,081010
ខេត្ត កណ្តាល,Kandal,080000,ស្រុក ស្អាង,S'ang,081000,ឃុំ ស្វាយប្រទាល,Svay Prateal,081012
ខេត្ត កណ្តាល,Kandal,080000,ស្រុក ស្អាង,S'ang,081000,ឃុំ តាលន់,Ta Lun,081014
ខេត្ត កណ្តាល,Kandal,080000,ស្រុក ស្អាង,S'ang,081000,ឃុំ ត្រើយស្លា,Traeuy Sla,081015
ខេត្ត កណ្តាល,Kandal,080000,ស្រុក ស្អាង,S'ang,081000,ឃុំ ទឹកវិល,Tuek Vil,081016
ខេត្ត កណ្តាល,Kandal,080000,ក្រុង តាខ្មៅ,Ta Khmau,081100,សង្កាត់ តាក្ដុល,Sangkat Ta Kdol,081101
ខេត្ត កណ្តាល,Kandal,080000,ក្រុង តាខ្មៅ,Ta Khmau,081100,សង្កាត់ ព្រែកឫស្សី,Sangkat Prek Ruessei,081102
ខេត្ត កណ្តាល,Kandal,080000,ក្រុង តាខ្មៅ,Ta Khmau,081100,សង្កាត់ ដើមមៀន,Sangkat Daeum Mien,081103
ខេត្ត កណ្តាល,Kandal,080000,ក្រុង តាខ្មៅ,Ta Khmau,081100,សង្កាត់ តាខ្មៅ,Sangkat Ta Khmau,081104
ខេត្ត កណ្តាល,Kandal,080000,ក្រុង តាខ្មៅ,Ta Khmau,081100,សង្កាត់ ព្រែកហូរ,Sangkat Preaek Hour,081105
ខេត្ត កណ្តាល,Kandal,080000,ក្រុង តាខ្មៅ,Ta Khmau,081100,សង្កាត់ កំពង់សំណាញ់,Sangkat Kampong Samnanh,081106
ខេត្ត កណ្តាល,Kandal,080000,ក្រុង តាខ្មៅ,Ta Khmau,081100,សង្កាត់ ស្វាយរលំ,Sangkat Svay Rolum,081107
ខេត្ត កណ្តាល,Kandal,080000,ក្រុង តាខ្មៅ,Ta Khmau,081100,សង្កាត់ កោះអន្លង់ចិន,Sangkat Kaoh Anlung Chen,081108
ខេត្ត កណ្តាល,Kandal,080000,ក្រុង តាខ្មៅ,Ta Khmau,081100,សង្កាត់ សិត្បូ,Sangkat Settak bou,081109
ខេត្ត កណ្តាល,Kandal,080000,ក្រុង តាខ្មៅ,Ta Khmau,081100,សង្កាត់ រកាខ្ពស់,Sangkat Roka Khpuos,081110
ខេត្ត កណ្តាល,Kandal,080000,ក្រុង សំពៅពូន,Sampov Pun,081200,សង្កាត់ ឈើខ្មៅ,Sangkat Chheu Khmau,081201
ខេត្ត កណ្តាល,Kandal,080000,ក្រុង សំពៅពូន,Sampov Pun,081200,សង្កាត់ ព្រែកជ្រៃ,Sangkat Preaek Chrey,081202
ខេត្ត កណ្តាល,Kandal,080000,ក្រុង សំពៅពូន,Sampov Pun,081200,សង្កាត់ ព្រែកស្ដី,Sangkat Preaek Sdei,081203
ខេត្ត កណ្តាល,Kandal,080000,ក្រុង សំពៅពូន,Sampov Pun,081200,សង្កាត់ ជ្រោយតាកែវ,Sangkat Chrouy Ta Kaev,081204
ខេត្ត កណ្តាល,Kandal,080000,ក្រុង សំពៅពូន,Sampov Pun,081200,សង្កាត់ សំពៅពូន,Sangkat Sampov Pun,081205
ខេត្ត កណ្តាល,Kandal,080000,ក្រុង អរិយក្សត្រ,Akrey Ksat,081300,សង្កាត់ បាក់ដាវ,Sangkat Bak Dav,081301
ខេត្ត កណ្តាល,Kandal,080000,ក្រុង អរិយក្សត្រ,Akrey Ksat,081300,សង្កាត់ កោះឧកញ៉ាតី,Sangkat Kaoh Oknha Tei,081302
ខេត្ត កណ្តាល,Kandal,080000,ក្រុង អរិយក្សត្រ,Akrey Ksat,081300,សង្កាត់ ព្រែកអំបិល,Sangkat Preaek Ampil,081303
ខេត្ត កណ្តាល,Kandal,080000,ក្រុង អរិយក្សត្រ,Akrey Ksat,081300,សង្កាត់ ព្រែកលួង,Sangkat Preaek Luong,081304
ខេត្ត កណ្តាល,Kandal,080000,ក្រុង អរិយក្សត្រ,Akrey Ksat,081300,សង្កាត់ ព្រែកតាកូវ,Sangkat Preaek Ta kouv,081305
ខេត្ត កណ្តាល,Kandal,080000,ក្រុង អរិយក្សត្រ,Akrey Ksat,081300,សង្កាត់ ស្វាយជ្រំ,Sangkat Svay Chrum,081306
ខេត្ត កណ្តាល,Kandal,080000,ក្រុង អរិយក្សត្រ,Akrey Ksat,081300,សង្កាត់ អរិយក្សត្រ,Sangkat Akrey Ksat,081307
ខេត្ត កណ្តាល,Kandal,080000,ក្រុង អរិយក្សត្រ,Akrey Ksat,081300,សង្កាត់ សារិកាកែវ,Sangkat Sarikakaev,081308
ខេត្ត កណ្តាល,Kandal,080000,ក្រុង អរិយក្សត្រ,Akrey Ksat,081300,សង្កាត់ ពាមឧកញ៉ាអុង,Sangkat Peam Oknha Ong,081309
ខេត្ត កណ្តាល,Kandal,080000,ក្រុង អរិយក្សត្រ,Akrey Ksat,081300,សង្កាត់ ព្រែកក្មេង,Sangkat Preaek Kmeng,081310
ខេត្ត កណ្តាល,Kandal,080000,ក្រុង អរិយក្សត្រ,Akrey Ksat,081300,សង្កាត់ បារុង,Sangkat Barong,081311
ខេត្ត កោះកុង,Koh Kong,090000,ស្រុក បទុមសាគរ,Botum Sakor,090100,ឃុំ អណ្ដូងទឹក,Andoung Tuek,090101
ខេត្ត កោះកុង,Koh Kong,090000,ស្រុក បទុមសាគរ,Botum Sakor,090100,ឃុំ កណ្តោល,Kandaol,090102
ខេត្ត កោះកុង,Koh Kong,090000,ស្រុក បទុមសាគរ,Botum Sakor,090100,ឃុំ តានូន,Ta Nun,090103
ខេត្ត កោះកុង,Koh Kong,090000,ស្រុក បទុមសាគរ,Botum Sakor,090100,ឃុំ ថ្មស,Thma Sa,090104
ខេត្ត កោះកុង,Koh Kong,090000,ស្រុក គិរីសាគរ,Kiri Sakor,090200,ឃុំ កោះស្ដេច,Kaoh Sdach,090201
ខេត្ត កោះកុង,Koh Kong,090000,ស្រុក គិរីសាគរ,Kiri Sakor,090200,ឃុំ ភ្ញីមាស,Phnhi Meas,090202
ខេត្ត កោះកុង,Koh Kong,090000,ស្រុក គិរីសាគរ,Kiri Sakor,090200,ឃុំ ព្រែកខ្សាច់,Preaek Khsach,090203
ខេត្ត កោះកុង,Koh Kong,090000,ស្រុក កោះកុង,Kaoh Kong,090300,ឃុំ ជ្រោយប្រស់,Chrouy Pras,090301
ខេត្ត កោះកុង,Koh Kong,090000,ស្រុក កោះកុង,Kaoh Kong,090300,ឃុំ កោះកាពិ,Kaoh Kapi,090302
ខេត្ត កោះកុង,Koh Kong,090000,ស្រុក កោះកុង,Kaoh Kong,090300,ឃុំ តាតៃក្រោម,Ta Tai Kraom,090303
ខេត្ត កោះកុង,Koh Kong,090000,ស្រុក កោះកុង,Kaoh Kong,090300,ឃុំ ត្រពាំងរូង,Trapeang Rung,090304
ខេត្ត កោះកុង,Koh Kong,090000,ក្រុង ខេមរភូមិន្ទ,Khemmeakrakphumin,090400,សង្កាត់ ស្មាច់មានជ័យ,Sangkat Smach Mean Chey,090401
ខេត្ត កោះកុង,Koh Kong,090000,ក្រុង ខេមរភូមិន្ទ,Khemmeakrakphumin,090400,សង្កាត់ ដងទង់,Sangkat Dang Tung,090402
ខេត្ត កោះកុង,Koh Kong,090000,ក្រុង ខេមរភូមិន្ទ,Khemmeakrakphumin,090400,សង្កាត់ ស្ទឹងវែង,Sangkat Stueng Veaeng,090403
ខេត្ត កោះកុង,Koh Kong,090000,ស្រុក មណ្ឌលសីមា,Mundul Seima,090500,ឃុំ ប៉ាក់ខ្លង,Pak Khlang,090501
ខេត្ត កោះកុង,Koh Kong,090000,ស្រុក មណ្ឌលសីមា,Mundul Seima,090500,ឃុំ ពាមក្រសោប,Peam Krasaob,090502
ខេត្ត កោះកុង,Koh Kong,090000,ស្រុក មណ្ឌលសីមា,Mundul Seima,090500,ឃុំ ទួលគគីរ,Tuol Kokir,090503
ខេត្ត កោះកុង,Koh Kong,090000,ស្រុក ស្រែអំបិល,Srae Ambel,090600,ឃុំ បឹងព្រាវ,Boeng Preav,090601
ខេត្ត កោះកុង,Koh Kong,090000,ស្រុក ស្រែអំបិល,Srae Ambel,090600,ឃុំ ជី​ ខ ក្រោម,Chi Kha Kraom,090602
ខេត្ត កោះកុង,Koh Kong,090000,ស្រុក ស្រែអំបិល,Srae Ambel,090600,ឃុំ ជី ខ លើ,Chi Kha Leu,090603
ខេត្ត កោះកុង,Koh Kong,090000,ស្រុក ស្រែអំបិល,Srae Ambel,090600,ឃុំ ជ្រោយស្វាយ,Chrouy Svay,090604
ខេត្ត កោះកុង,Koh Kong,090000,ស្រុក ស្រែអំបិល,Srae Ambel,090600,ឃុំ ដងពែង,Dang Peaeng,090605
ខេត្ត កោះកុង,Koh Kong,090000,ស្រុក ស្រែអំបិល,Srae Ambel,090600,ឃុំ ស្រែអំបិល,Srae Ambel,090606
ខេត្ត កោះកុង,Koh Kong,090000,ស្រុក ថ្មបាំង,Thma Bang,090700,ឃុំ តាទៃលើ,Ta Tey Leu,090701
ខេត្ត កោះកុង,Koh Kong,090000,ស្រុក ថ្មបាំង,Thma Bang,090700,ឃុំ ប្រឡាយ,Pralay,090702
ខេត្ត កោះកុង,Koh Kong,090000,ស្រុក ថ្មបាំង,Thma Bang,090700,ឃុំ ជំនាប់,Chumnoab,090703
ខេត្ត កោះកុង,Koh Kong,090000,ស្រុក ថ្មបាំង,Thma Bang,090700,ឃុំ ឫស្សីជ្រុំ,Ruessei Chrum,090704
ខេត្ត កោះកុង,Koh Kong,090000,ស្រុក ថ្មបាំង,Thma Bang,090700,ឃុំ ជីផាត,Chi Phat,090705
ខេត្ត កោះកុង,Koh Kong,090000,ស្រុក ថ្មបាំង,Thma Bang,090700,ឃុំ ថ្មដូនពៅ,Thma Doun Pov,090706
ខេត្ត ក្រចេះ,Kratie,100000,ស្រុក ឆ្លូង,Chhloung,100100,ឃុំ ឆ្លូង,Chhloung,100101
ខេត្ត ក្រចេះ,Kratie,100000,ស្រុក ឆ្លូង,Chhloung,100100,ឃុំ ដំរីផុង,Damrei Phong,100102
ខេត្ត ក្រចេះ,Kratie,100000,ស្រុក ឆ្លូង,Chhloung,100100,ឃុំ ហាន់ជ័យ,Hanchey,100103
ខេត្ត ក្រចេះ,Kratie,100000,ស្រុក ឆ្លូង,Chhloung,100100,ឃុំ កំពង់ដំរី,Kampong Damrei,100104
ខេត្ត ក្រចេះ,Kratie,100000,ស្រុក ឆ្លូង,Chhloung,100100,ឃុំ កញ្ជរ,Kanhchor,100105
ខេត្ត ក្រចេះ,Kratie,100000,ស្រុក ឆ្លូង,Chhloung,100100,ឃុំ ខ្សាច់អណ្ដែត,Khsach Andaet,100106
ខេត្ត ក្រចេះ,Kratie,100000,ស្រុក ឆ្លូង,Chhloung,100100,ឃុំ ពង្រ,Pungro,100107
ខេត្ត ក្រចេះ,Kratie,100000,ស្រុក ឆ្លូង,Chhloung,100100,ឃុំ ព្រែកសាម៉ាន់,Preaek Saman,100108
ខេត្ត ក្រចេះ,Kratie,100000,ក្រុង ក្រចេះ,Kracheh,100200,សង្កាត់ កោះទ្រង់,Sangkat Kaoh Trung,100207
ខេត្ត ក្រចេះ,Kratie,100000,ក្រុង ក្រចេះ,Kracheh,100200,សង្កាត់ ក្រគរ,Sangkat Krakor,100208
ខេត្ត ក្រចេះ,Kratie,100000,ក្រុង ក្រចេះ,Kracheh,100200,សង្កាត់ ក្រចេះ,Sangkat Kracheh,100209
ខេត្ត ក្រចេះ,Kratie,100000,ក្រុង ក្រចេះ,Kracheh,100200,សង្កាត់ អូរឫស្សី,Sangkat Ou Ruessei,100210
ខេត្ត ក្រចេះ,Kratie,100000,ក្រុង ក្រចេះ,Kracheh,100200,សង្កាត់ រកាកណ្ដាល,Sangkat Roka Kandal,100211
ខេត្ត ក្រចេះ,Kratie,100000,ស្រុក ព្រែកប្រសប់,Preaek Prasab,100300,ឃុំ ចំបក់,Chambak,100301
ខេត្ត ក្រចេះ,Kratie,100000,ស្រុក ព្រែកប្រសប់,Preaek Prasab,100300,ឃុំ ជ្រោយបន្ទាយ,Chrouy Banteay,100302
ខេត្ត ក្រចេះ,Kratie,100000,ស្រុក ព្រែកប្រសប់,Preaek Prasab,100300,ឃុំ កំពង់គរ,Kampong Kor,100303
ខេត្ត ក្រចេះ,Kratie,100000,ស្រុក ព្រែកប្រសប់,Preaek Prasab,100300,ឃុំ កោះតាស៊ុយ,Kaoh Ta Suy,100304
ខេត្ត ក្រចេះ,Kratie,100000,ស្រុក ព្រែកប្រសប់,Preaek Prasab,100300,ឃុំ ព្រែកប្រសព្វ,Preaek Prasab,100305
ខេត្ត ក្រចេះ,Kratie,100000,ស្រុក ព្រែកប្រសប់,Preaek Prasab,100300,ឃុំ ឫស្សីកែវ,Ruessei Kaev,100306
ខេត្ត ក្រចេះ,Kratie,100000,ស្រុក ព្រែកប្រសប់,Preaek Prasab,100300,ឃុំ សោប,Saob,100307
ខេត្ត ក្រចេះ,Kratie,100000,ស្រុក ព្រែកប្រសប់,Preaek Prasab,100300,ឃុំ តាម៉ៅ,Ta Mau,100308
ខេត្ត ក្រចេះ,Kratie,100000,ស្រុក សំបូរ,Sambour,100400,ឃុំ បឹងចារ,Boeng Char,100401
ខេត្ត ក្រចេះ,Kratie,100000,ស្រុក សំបូរ,Sambour,100400,ឃុំ កំពង់ចាម,Kampong Cham,100402
ខេត្ត ក្រចេះ,Kratie,100000,ស្រុក សំបូរ,Sambour,100400,ឃុំ កោះខ្ញែរ,Kaoh Khnhaer,100404
ខេត្ត ក្រចេះ,Kratie,100000,ស្រុក សំបូរ,Sambour,100400,ឃុំ សំបូរ,Sambour,100407
ខេត្ត ក្រចេះ,Kratie,100000,ស្រុក សំបូរ,Sambour,100400,ឃុំ សណ្តាន់,Sandan,100408
ខេត្ត ក្រចេះ,Kratie,100000,ស្រុក សំបូរ,Sambour,100400,ឃុំ វឌ្ឍនៈ,Voadtheaknak,100410
ខេត្ត ក្រចេះ,Kratie,100000,ស្រុក ស្នួល,Snuol,100500,ឃុំ ឃ្សឹម,Khsuem,100501
ខេត្ត ក្រចេះ,Kratie,100000,ស្រុក ស្នួល,Snuol,100500,ឃុំ ពីរធ្នូ,Pir Thnu,100502
ខេត្ត ក្រចេះ,Kratie,100000,ស្រុក ស្នួល,Snuol,100500,ឃុំ ស្នួល,Snuol,100503
ខេត្ត ក្រចេះ,Kratie,100000,ស្រុក ស្នួល,Snuol,100500,ឃុំ ស្រែចារ,Srae Char,100504
ខេត្ត ក្រចេះ,Kratie,100000,ស្រុក ស្នួល,Snuol,100500,ឃុំ ស្វាយជ្រះ,Svay Chreah,100505
ខេត្ត ក្រចេះ,Kratie,100000,ស្រុក ស្នួល,Snuol,100500,ឃុំ គ្រញូងសែនជ័យ,Kranhung Saen Chey,100506
ខេត្ត ក្រចេះ,Kratie,100000,ស្រុក ចិត្របុរី,Chet Borei,100600,ឃុំ បុសលាវ,Bos Leav,100601
ខេត្ត ក្រចេះ,Kratie,100000,ស្រុក ចិត្របុរី,Chet Borei,100600,ឃុំ ចង្រ្កង់,Changkrang,100602
ខេត្ត ក្រចេះ,Kratie,100000,ស្រុក ចិត្របុរី,Chet Borei,100600,ឃុំ ដារ,Dar,100603
ខេត្ត ក្រចេះ,Kratie,100000,ស្រុក ចិត្របុរី,Chet Borei,100600,ឃុំ កន្ទួត,Kantuot,100604
ខេត្ត ក្រចេះ,Kratie,100000,ស្រុក ចិត្របុរី,Chet Borei,100600,ឃុំ គោលាប់,Kou Loab,100605
ខេត្ត ក្រចេះ,Kratie,100000,ស្រុក ចិត្របុរី,Chet Borei,100600,ឃុំ កោះច្រែង,Kaoh Chraeng,100606
ខេត្ត ក្រចេះ,Kratie,100000,ស្រុក ចិត្របុរី,Chet Borei,100600,ឃុំ សំបុក,Sambok,100607
ខេត្ត ក្រចេះ,Kratie,100000,ស្រុក ចិត្របុរី,Chet Borei,100600,ឃុំ ថ្មអណ្ដើក,Thma Andaeuk,100608
ខេត្ត ក្រចេះ,Kratie,100000,ស្រុក ចិត្របុរី,Chet Borei,100600,ឃុំ ថ្មគ្រែ,Thma Kreae,100609
ខេត្ត ក្រចេះ,Kratie,100000,ស្រុក ចិត្របុរី,Chet Borei,100600,ឃុំ ថ្មី,Thmei,100610
ខេត្ត ក្រចេះ,Kratie,100000,ស្រុក អូរគ្រៀងសែនជ័យ,Ou Krieng Saen Chey,100700,ឃុំ ក្បាលដំរី,Kbal Damrei,100701
ខេត្ត ក្រចេះ,Kratie,100000,ស្រុក អូរគ្រៀងសែនជ័យ,Ou Krieng Saen Chey,100700,ឃុំ អូរគ្រៀង,Ou Krieng,100702
ខេត្ត ក្រចេះ,Kratie,100000,ស្រុក អូរគ្រៀងសែនជ័យ,Ou Krieng Saen Chey,100700,ឃុំ អូរកណ្តៀរសែនជ័យ,Ou Kandie Saen Chey,100703
ខេត្ត ក្រចេះ,Kratie,100000,ស្រុក អូរគ្រៀងសែនជ័យ,Ou Krieng Saen Chey,100700,ឃុំ រលួសមានជ័យ,Roluos Mean Chey,100704
ខេត្ត ក្រចេះ,Kratie,100000,ស្រុក អូរគ្រៀងសែនជ័យ,Ou Krieng Saen Chey,100700,ឃុំ ស្រែជិះ,Srae Chis,100705
ខេត្ត មណ្ឌលគិរី,Mondul Kiri,110000,ស្រុក កែវសីមា,Kaev Seima,110100,ឃុំ ចុងផ្លាស់,Chong Phlah,110101
ខេត្ត មណ្ឌលគិរី,Mondul Kiri,110000,ស្រុក កែវសីមា,Kaev Seima,110100,ឃុំ មេម៉ង់,Me Mang,110102
ខេត្ត មណ្ឌលគិរី,Mondul Kiri,110000,ស្រុក កែវសីមា,Kaev Seima,110100,ឃុំ ស្រែឈូក,Srae Chhuk,110103
ខេត្ត មណ្ឌលគិរី,Mondul Kiri,110000,ស្រុក កែវសីមា,Kaev Seima,110100,ឃុំ ស្រែខ្ទុម,Srae Khtum,110104
ខេត្ត មណ្ឌលគិរី,Mondul Kiri,110000,ស្រុក កែវសីមា,Kaev Seima,110100,ឃុំ ស្រែព្រះ,Srae Preah,110105
ខេត្ត មណ្ឌលគិរី,Mondul Kiri,110000,ស្រុក កោះញែក,Kaoh Nheaek,110200,ឃុំ ណាងឃីលិក,Nang Khi Lik,110201
ខេត្ត មណ្ឌលគិរី,Mondul Kiri,110000,ស្រុក កោះញែក,Kaoh Nheaek,110200,ឃុំ អ បួនលើ,A Buon Leu,110202
ខេត្ត មណ្ឌលគិរី,Mondul Kiri,110000,ស្រុក កោះញែក,Kaoh Nheaek,110200,ឃុំ រយ៉,Roya,110203
ខេត្ត មណ្ឌលគិរី,Mondul Kiri,110000,ស្រុក កោះញែក,Kaoh Nheaek,110200,ឃុំ សុខសាន្ត,Sokh San,110204
ខេត្ត មណ្ឌលគិរី,Mondul Kiri,110000,ស្រុក កោះញែក,Kaoh Nheaek,110200,ឃុំ ស្រែហ៊ុយ,Srae Huy,110205
ខេត្ត មណ្ឌលគិរី,Mondul Kiri,110000,ស្រុក កោះញែក,Kaoh Nheaek,110200,ឃុំ ស្រែសង្គម,Srae Sangkum,110206
ខេត្ត មណ្ឌលគិរី,Mondul Kiri,110000,ស្រុក អូររាំង,Ou Reang,110300,ឃុំ ដាក់ដាំ,Dak Dam,110301
ខេត្ត មណ្ឌលគិរី,Mondul Kiri,110000,ស្រុក អូររាំង,Ou Reang,110300,ឃុំ សែនមនោរម្យ,Saen Meaknourum,110302
ខេត្ត មណ្ឌលគិរី,Mondul Kiri,110000,ស្រុក ពេជ្រាដា,Pechreada,110400,ឃុំ ក្រង់តេះ,Krang Teh,110401
ខេត្ត មណ្ឌលគិរី,Mondul Kiri,110000,ស្រុក ពេជ្រាដា,Pechreada,110400,ឃុំ ពូជ្រៃ,Pu Chrey,110402
ខេត្ត មណ្ឌលគិរី,Mondul Kiri,110000,ស្រុក ពេជ្រាដា,Pechreada,110400,ឃុំ ស្រែអំពូម,Srae Ampum,110403
ខេត្ត មណ្ឌលគិរី,Mondul Kiri,110000,ស្រុក ពេជ្រាដា,Pechreada,110400,ឃុំ ប៊ូស្រា,Bu Sra,110404
ខេត្ត មណ្ឌលគិរី,Mondul Kiri,110000,ក្រុង សែនមនោរម្យ,Saen Meaknourum,110500,សង្កាត់ មនោរម្យ,Sangkat Meaknourum,110501
ខេត្ត មណ្ឌលគិរី,Mondul Kiri,110000,ក្រុង សែនមនោរម្យ,Saen Meaknourum,110500,សង្កាត់ សុខដុម,Sangkat Sokhak Dom,110502
ខេត្ត មណ្ឌលគិរី,Mondul Kiri,110000,ក្រុង សែនមនោរម្យ,Saen Meaknourum,110500,សង្កាត់ ស្ពានមានជ័យ,Sangkat Spean Mean Chey,110503
ខេត្ត មណ្ឌលគិរី,Mondul Kiri,110000,ក្រុង សែនមនោរម្យ,Saen Meaknourum,110500,សង្កាត់ រមនា,Sangkat Rummeaknea,110504
រាជធានី ភ្នំពេញ,Phnom Penh Capital,120000,ខណ្ឌ ចំការមន,Khan Chamkar Mon,120100,សង្កាត់ ទន្លេបាសាក់,Sangkat Tonle Basak,120101
រាជធានី ភ្នំពេញ,Phnom Penh Capital,120000,ខណ្ឌ ចំការមន,Khan Chamkar Mon,120100,សង្កាត់ ទួលទំពូងទី ២,Sangkat Tuol Tumpung Ti Pir,120109
រាជធានី ភ្នំពេញ,Phnom Penh Capital,120000,ខណ្ឌ ចំការមន,Khan Chamkar Mon,120100,សង្កាត់ ទួលទំពូងទី ១,Sangkat Tuol Tumpung Ti Muoy,120110
រាជធានី ភ្នំពេញ,Phnom Penh Capital,120000,ខណ្ឌ ចំការមន,Khan Chamkar Mon,120100,សង្កាត់ បឹងត្របែក,Sangkat Boeng Trabaek,120111
រាជធានី ភ្នំពេញ,Phnom Penh Capital,120000,ខណ្ឌ ចំការមន,Khan Chamkar Mon,120100,សង្កាត់ ផ្សារដើមថ្កូវ,Sangkat Phsar Daeum Thkouv,120112
រាជធានី ភ្នំពេញ,Phnom Penh Capital,120000,ខណ្ឌ ដូនពេញ,Khan Doun Penh,120200,សង្កាត់ ផ្សារថ្មីទី ១,Sangkat Phsar Thmei Ti Muoy,120201
រាជធានី ភ្នំពេញ,Phnom Penh Capital,120000,ខណ្ឌ ដូនពេញ,Khan Doun Penh,120200,សង្កាត់ ផ្សារថ្មីទី ២,Sangkat Phsar Thmei Ti Pir,120202
រាជធានី ភ្នំពេញ,Phnom Penh Capital,120000,ខណ្ឌ ដូនពេញ,Khan Doun Penh,120200,សង្កាត់ ផ្សារថ្មីទី ៣,Sangkat Phsar Thmei Ti Bei,120203
រាជធានី ភ្នំពេញ,Phnom Penh Capital,120000,ខណ្ឌ ដូនពេញ,Khan Doun Penh,120200,សង្កាត់ បឹងរាំង,Sangkat Boeng Reang,120204
រាជធានី ភ្នំពេញ,Phnom Penh Capital,120000,ខណ្ឌ ដូនពេញ,Khan Doun Penh,120200,សង្កាត់ ផ្សារកណ្តាលទី ១,Sangkat Phsar Kandal Ti Muoy,120205
រាជធានី ភ្នំពេញ,Phnom Penh Capital,120000,ខណ្ឌ ដូនពេញ,Khan Doun Penh,120200,សង្កាត់ ផ្សារកណ្តាលទី ២,Sangkat Phsar Kandal Ti Pir,120206
រាជធានី ភ្នំពេញ,Phnom Penh Capital,120000,ខណ្ឌ ដូនពេញ,Khan Doun Penh,120200,សង្កាត់ ចតុមុខ,Sangkat Chakto Mukh,120207
រាជធានី ភ្នំពេញ,Phnom Penh Capital,120000,ខណ្ឌ ដូនពេញ,Khan Doun Penh,120200,សង្កាត់ ជ័យជំនះ,Sangkat Chey Chumneah,120208
រាជធានី ភ្នំពេញ,Phnom Penh Capital,120000,ខណ្ឌ ដូនពេញ,Khan Doun Penh,120200,សង្កាត់ ផ្សារចាស់,Sangkat Phsar Chas,120209
រាជធានី ភ្នំពេញ,Phnom Penh Capital,120000,ខណ្ឌ ដូនពេញ,Khan Doun Penh,120200,សង្កាត់ ស្រះចក,Sangkat Srah Chak,120210
រាជធានី ភ្នំពេញ,Phnom Penh Capital,120000,ខណ្ឌ ដូនពេញ,Khan Doun Penh,120200,សង្កាត់ វត្តភ្នំ,Sangkat Voat Phnum,120211
រាជធានី ភ្នំពេញ,Phnom Penh Capital,120000,ខណ្ឌ ៧មករា,Khan Prampir Meakkakra,120300,សង្កាត់ អូរឫស្សីទី ១,Sangkat Ou Ruessei Ti Muoy,120301
រាជធានី ភ្នំពេញ,Phnom Penh Capital,120000,ខណ្ឌ ៧មករា,Khan Prampir Meakkakra,120300,សង្កាត់ អូរឫស្សីទី ២,Sangkat Ou Ruessei Ti Pir,120302
រាជធានី ភ្នំពេញ,Phnom Penh Capital,120000,ខណ្ឌ ៧មករា,Khan Prampir Meakkakra,120300,សង្កាត់ អូរឫស្សីទី ៣,Sangkat Ou Ruessei Ti Bei,120303
រាជធានី ភ្នំពេញ,Phnom Penh Capital,120000,ខណ្ឌ ៧មករា,Khan Prampir Meakkakra,120300,សង្កាត់ អូរឫស្សីទី ៤,Sangkat Ou Ruessei Ti Buon,120304
រាជធានី ភ្នំពេញ,Phnom Penh Capital,120000,ខណ្ឌ ៧មករា,Khan Prampir Meakkakra,120300,សង្កាត់ មនោរម្យ,Sangkat Meaknourum,120305
រាជធានី ភ្នំពេញ,Phnom Penh Capital,120000,ខណ្ឌ ៧មករា,Khan Prampir Meakkakra,120300,សង្កាត់ មិត្តភាព,Sangkat Mittakpheap,120306
រាជធានី ភ្នំពេញ,Phnom Penh Capital,120000,ខណ្ឌ ៧មករា,Khan Prampir Meakkakra,120300,សង្កាត់ វាលវង់,Sangkat Veal Vung,120307
រាជធានី ភ្នំពេញ,Phnom Penh Capital,120000,ខណ្ឌ ៧មករា,Khan Prampir Meakkakra,120300,សង្កាត់ បឹងព្រលិត,Sangkat Boeng Proluet,120308
រាជធានី ភ្នំពេញ,Phnom Penh Capital,120000,ខណ្ឌ ទួលគោក,Khan Tuol Kouk,120400,សង្កាត់ ផ្សារដេប៉ូទី ១,Sangkat Phsar Depou Ti Muoy,120401
រាជធានី ភ្នំពេញ,Phnom Penh Capital,120000,ខណ្ឌ ទួលគោក,Khan Tuol Kouk,120400,សង្កាត់ ផ្សារដេប៉ូទី ២,Sangkat Phsar Depou Ti Pir,120402
រាជធានី ភ្នំពេញ,Phnom Penh Capital,120000,ខណ្ឌ ទួលគោក,Khan Tuol Kouk,120400,សង្កាត់ ផ្សារដេប៉ូទី ៣,Sangkat Phsar Depou Ti Bei,120403
រាជធានី ភ្នំពេញ,Phnom Penh Capital,120000,ខណ្ឌ ទួលគោក,Khan Tuol Kouk,120400,សង្កាត់ ទឹកល្អក់ទី ១,Sangkat Tuek L'ak Ti Muoy,120404
រាជធានី ភ្នំពេញ,Phnom Penh Capital,120000,ខណ្ឌ ទួលគោក,Khan Tuol Kouk,120400,សង្កាត់ ទឹកល្អក់ទី ២,Sangkat Tuek L'ak Ti Pir,120405
រាជធានី ភ្នំពេញ,Phnom Penh Capital,120000,ខណ្ឌ ទួលគោក,Khan Tuol Kouk,120400,សង្កាត់ ទឹកល្អក់ទី ៣,Sangkat Tuek L'ak Ti Bei,120406
រាជធានី ភ្នំពេញ,Phnom Penh Capital,120000,ខណ្ឌ ទួលគោក,Khan Tuol Kouk,120400,សង្កាត់ បឹងកក់ទី ១,Sangkat Boeng Kak Ti Muoy,120407
រាជធានី ភ្នំពេញ,Phnom Penh Capital,120000,ខណ្ឌ ទួលគោក,Khan Tuol Kouk,120400,សង្កាត់ បឹងកក់ទី ២,Sangkat Boeng Kak Ti Pir,120408
រាជធានី ភ្នំពេញ,Phnom Penh Capital,120000,ខណ្ឌ ទួលគោក,Khan Tuol Kouk,120400,សង្កាត់ ផ្សារដើមគរ,Sangkat Phsar Daeum Kor,120409
រាជធានី ភ្នំពេញ,Phnom Penh Capital,120000,ខណ្ឌ ទួលគោក,Khan Tuol Kouk,120400,សង្កាត់ បឹងសាឡាង,Sangkat Boeng Salang,120410
រាជធានី ភ្នំពេញ,Phnom Penh Capital,120000,ខណ្ឌ ដង្កោ,Khan Dangkao,120500,សង្កាត់ ដង្កោ,Sangkat Dangkao,120501
រាជធានី ភ្នំពេញ,Phnom Penh Capital,120000,ខណ្ឌ ដង្កោ,Khan Dangkao,120500,សង្កាត់ ពងទឹក,Sangkat Pong Tuek,120507
រាជធានី ភ្នំពេញ,Phnom Penh Capital,120000,ខណ្ឌ ដង្កោ,Khan Dangkao,120500,សង្កាត់ ព្រៃវែង,Sangkat Prey Veaeng,120508
រាជធានី ភ្នំពេញ,Phnom Penh Capital,120000,ខណ្ឌ ដង្កោ,Khan Dangkao,120500,សង្កាត់ ព្រៃស,Sangkat Prey Sa,120510
រាជធានី ភ្នំពេញ,Phnom Penh Capital,120000,ខណ្ឌ ដង្កោ,Khan Dangkao,120500,សង្កាត់ ក្រាំងពង្រ,Sangkat Krang Pungro,120512
រាជធានី ភ្នំពេញ,Phnom Penh Capital,120000,ខណ្ឌ ដង្កោ,Khan Dangkao,120500,សង្កាត់ សាក់សំពៅ,Sangkat Sak Sampov,120514
រាជធានី ភ្នំពេញ,Phnom Penh Capital,120000,ខណ្ឌ ដង្កោ,Khan Dangkao,120500,សង្កាត់ ជើងឯក,Sangkat Cheung Aek,120515
រាជធានី ភ្នំពេញ,Phnom Penh Capital,120000,ខណ្ឌ ដង្កោ,Khan Dangkao,120500,សង្កាត់ គងនយ,Sangkat Kong Noy,120516
រាជធានី ភ្នំពេញ,Phnom Penh Capital,120000,ខណ្ឌ ដង្កោ,Khan Dangkao,120500,សង្កាត់ ព្រែកកំពឹស,Sangkat Preaek Kampues,120517
រាជធានី ភ្នំពេញ,Phnom Penh Capital,120000,ខណ្ឌ ដង្កោ,Khan Dangkao,120500,សង្កាត់ រលួស,Sangkat Roluos,120518
រាជធានី ភ្នំពេញ,Phnom Penh Capital,120000,ខណ្ឌ ដង្កោ,Khan Dangkao,120500,សង្កាត់ ស្ពានថ្ម,Sangkat Spean Thma,120519
រាជធានី ភ្នំពេញ,Phnom Penh Capital,120000,ខណ្ឌ ដង្កោ,Khan Dangkao,120500,សង្កាត់ ទៀន,Sangkat Tien,120520
រាជធានី ភ្នំពេញ,Phnom Penh Capital,120000,ខណ្ឌ មានជ័យ,Khan Mean Chey,120600,សង្កាត់ ចាក់អង្រែលើ,Sangkat Chak Angrae Leu,120606
រាជធានី ភ្នំពេញ,Phnom Penh Capital,120000,ខណ្ឌ មានជ័យ,Khan Mean Chey,120600,សង្កាត់ ចាក់អង្រែក្រោម,Sangkat Chak Angrae Kraom,120607
រាជធានី ភ្នំពេញ,Phnom Penh Capital,120000,ខណ្ឌ មានជ័យ,Khan Mean Chey,120600,សង្កាត់ ស្ទឹងមានជ័យទី១,Sangkat Stueng Mean Chey Ti Muoy,120608
រាជធានី ភ្នំពេញ,Phnom Penh Capital,120000,ខណ្ឌ មានជ័យ,Khan Mean Chey,120600,សង្កាត់ ស្ទឹងមានជ័យទី២,Sangkat Stueng Mean Chey Ti Pir,120609
រាជធានី ភ្នំពេញ,Phnom Penh Capital,120000,ខណ្ឌ មានជ័យ,Khan Mean Chey,120600,សង្កាត់ ស្ទឹងមានជ័យទី៣,Sangkat Stueng Mean Chey Ti Bei,120610
រាជធានី ភ្នំពេញ,Phnom Penh Capital,120000,ខណ្ឌ មានជ័យ,Khan Mean Chey,120600,សង្កាត់ បឹងទំពុនទី១,Sangkat Boeng Tumpun Ti Muoy,120611
រាជធានី ភ្នំពេញ,Phnom Penh Capital,120000,ខណ្ឌ មានជ័យ,Khan Mean Chey,120600,សង្កាត់ បឹងទំពុនទី២,Sangkat Boeng Tumpun Ti Pir,120612
រាជធានី ភ្នំពេញ,Phnom Penh Capital,120000,ខណ្ឌ ឬស្សីកែវ,Khan Ruessei Kaev,120700,សង្កាត់ ស្វាយប៉ាក,Sangkat Svay Pak,120703
រាជធានី ភ្នំពេញ,Phnom Penh Capital,120000,ខណ្ឌ ឬស្សីកែវ,Khan Ruessei Kaev,120700,សង្កាត់ គីឡូម៉ែត្រលេខ៦,Sangkat Kiloumaet Lekh Prammuoy,120704
រាជធានី ភ្នំពេញ,Phnom Penh Capital,120000,ខណ្ឌ ឬស្សីកែវ,Khan Ruessei Kaev,120700,សង្កាត់ ឬស្សីកែវ,Sangkat Ruessei Kaev,120706
រាជធានី ភ្នំពេញ,Phnom Penh Capital,120000,ខណ្ឌ ឬស្សីកែវ,Khan Ruessei Kaev,120700,សង្កាត់ ច្រាំងចំរេះទី ១,Sangkat Chrang Chamreh Ti Muoy,120711
រាជធានី ភ្នំពេញ,Phnom Penh Capital,120000,ខណ្ឌ ឬស្សីកែវ,Khan Ruessei Kaev,120700,សង្កាត់ ច្រាំងចំរេះទី ២,Sangkat Chrang Chamreh Ti Pir,120712
រាជធានី ភ្នំពេញ,Phnom Penh Capital,120000,ខណ្ឌ ឬស្សីកែវ,Khan Ruessei Kaev,120700,សង្កាត់ ទួលសង្កែទី ១,Sangkat Tuol Sangkae Ti Muoy,120713
រាជធានី ភ្នំពេញ,Phnom Penh Capital,120000,ខណ្ឌ ឬស្សីកែវ,Khan Ruessei Kaev,120700,សង្កាត់ ទួលសង្កែទី ២,Sangkat Tuol Sangkae Ti Pir,120714
រាជធានី ភ្នំពេញ,Phnom Penh Capital,120000,ខណ្ឌ សែនសុខ,Khan Saen Sokh,120800,សង្កាត់ ភ្នំពេញថ្មី,Sangkat Phnum Penh Thmei,120801
រាជធានី ភ្នំពេញ,Phnom Penh Capital,120000,ខណ្ឌ សែនសុខ,Khan Saen Sokh,120800,សង្កាត់ ទឹកថ្លា,Sangkat Tuek Thla,120802
រាជធានី ភ្នំពេញ,Phnom Penh Capital,120000,ខណ្ឌ សែនសុខ,Khan Saen Sokh,120800,សង្កាត់ ឃ្មួញ,Sangkat Khmuonh,120803
រាជធានី ភ្នំពេញ,Phnom Penh Capital,120000,ខណ្ឌ សែនសុខ,Khan Saen Sokh,120800,សង្កាត់ ក្រាំងធ្នង់,Sangkat Krang Thnung,120804
រាជធានី ភ្នំពេញ,Phnom Penh Capital,120000,ខណ្ឌ សែនសុខ,Khan Saen Sokh,120800,សង្កាត់ អូរបែកក្អម,Sangkat Ou Baek K'am,120805
រាជធានី ភ្នំពេញ,Phnom Penh Capital,120000,ខណ្ឌ សែនសុខ,Khan Saen Sokh,120800,សង្កាត់ គោកឃ្លាំង,Sangkat Kouk Khleang,120806
រាជធានី ភ្នំពេញ,Phnom Penh Capital,120000,ខណ្ឌ សែនសុខ,Khan Saen Sokh,120800,ខណ្ឌ ពោធិ៍សែនជ័យ,Khan Pou Saen Chey,120900
រាជធានី ភ្នំពេញ,Phnom Penh Capital,120000,សង្កាត់ សំរោងក្រោម,Sangkat Samraong Kraom,120911,សង្កាត់ ត្រពាំងក្រសាំង,Sangkat Trapeang Krasang,120913
រាជធានី ភ្នំពេញ,Phnom Penh Capital,120000,សង្កាត់ សំរោងក្រោម,Sangkat Samraong Kraom,120911,សង្កាត់ កាកាបទី១,Sangkat Kakab Ti Muoy,120914
រាជធានី ភ្នំពេញ,Phnom Penh Capital,120000,សង្កាត់ សំរោងក្រោម,Sangkat Samraong Kraom,120911,សង្កាត់ កាកាបទី២,Sangkat Kakab Ti Pir,120915
រាជធានី ភ្នំពេញ,Phnom Penh Capital,120000,សង្កាត់ សំរោងក្រោម,Sangkat Samraong Kraom,120911,សង្កាត់ ចោមចៅទី១,Sangkat Chaom Chau Ti Muoy,120916
រាជធានី ភ្នំពេញ,Phnom Penh Capital,120000,សង្កាត់ សំរោងក្រោម,Sangkat Samraong Kraom,120911,សង្កាត់ ចោមចៅទី២,Sangkat Chaom Chau Ti Pir,120917
រាជធានី ភ្នំពេញ,Phnom Penh Capital,120000,សង្កាត់ សំរោងក្រោម,Sangkat Samraong Kraom,120911,សង្កាត់ ចោមចៅទី៣,Sangkat Chaom Chau Ti Bei,120918
រាជធានី ភ្នំពេញ,Phnom Penh Capital,120000,ខណ្ឌ ច្បារអំពៅ,Khan Chbar Ampov,121000,សង្កាត់ ក្បាលកោះ,Sangkat Kbal Kaoh,121001
រាជធានី ភ្នំពេញ,Phnom Penh Capital,120000,ខណ្ឌ ច្បារអំពៅ,Khan Chbar Ampov,121000,សង្កាត់ ច្បារអំពៅទី ១,Sangkat Chbar Ampov Ti Muoy,121002
រាជធានី ភ្នំពេញ,Phnom Penh Capital,120000,ខណ្ឌ ច្បារអំពៅ,Khan Chbar Ampov,121000,សង្កាត់ ច្បារអំពៅទី ២,Sangkat Chbar Ampov Ti Pir,121003
រាជធានី ភ្នំពេញ,Phnom Penh Capital,120000,ខណ្ឌ ច្បារអំពៅ,Khan Chbar Ampov,121000,សង្កាត់ និរោធ,Sangkat Nirouth,121004
រាជធានី ភ្នំពេញ,Phnom Penh Capital,120000,ខណ្ឌ ច្បារអំពៅ,Khan Chbar Ampov,121000,សង្កាត់ ព្រែកប្រា,Sangkat Preaek Pra,121005
រាជធានី ភ្នំពេញ,Phnom Penh Capital,120000,ខណ្ឌ ច្បារអំពៅ,Khan Chbar Ampov,121000,សង្កាត់ ព្រែកឯង,Sangkat Preaek Aeng,121006
រាជធានី ភ្នំពេញ,Phnom Penh Capital,120000,ខណ្ឌ ច្បារអំពៅ,Khan Chbar Ampov,121000,សង្កាត់ ព្រែកថ្មី,Sangkat Preaek Thmei,121007
រាជធានី ភ្នំពេញ,Phnom Penh Capital,120000,ខណ្ឌ ច្បារអំពៅ,Khan Chbar Ampov,121000,សង្កាត់ វាលស្បូវ,Sangkat Veal Sbov,121008
រាជធានី ភ្នំពេញ,Phnom Penh Capital,120000,ខណ្ឌ ជ្រោយចង្វារ,Khan Chrouy Changvar,121100,សង្កាត់ កោះដាច់,Sangkat Kaoh Dach,121101
រាជធានី ភ្នំពេញ,Phnom Penh Capital,120000,ខណ្ឌ ជ្រោយចង្វារ,Khan Chrouy Changvar,121100,សង្កាត់ ជ្រោយចង្វារ,Sangkat Chrouy Changvar,121102
រាជធានី ភ្នំពេញ,Phnom Penh Capital,120000,ខណ្ឌ ជ្រោយចង្វារ,Khan Chrouy Changvar,121100,សង្កាត់ បាក់ខែង,Sangkat Bak Khaeng,121103
រាជធានី ភ្នំពេញ,Phnom Penh Capital,120000,ខណ្ឌ ជ្រោយចង្វារ,Khan Chrouy Changvar,121100,សង្កាត់ ព្រែកលៀប,Sangkat Preaek Lieb,121104
រាជធានី ភ្នំពេញ,Phnom Penh Capital,120000,ខណ្ឌ ជ្រោយចង្វារ,Khan Chrouy Changvar,121100,សង្កាត់ ព្រែកតាសេក,Sangkat Preaek Ta Sek,121105
រាជធានី ភ្នំពេញ,Phnom Penh Capital,120000,ខណ្ឌ ព្រែកព្នៅ,Khan Preaek Pnov,121200,សង្កាត់ គោករកា,Sangkat Kouk Roka,121201
រាជធានី ភ្នំពេញ,Phnom Penh Capital,120000,ខណ្ឌ ព្រែកព្នៅ,Khan Preaek Pnov,121200,សង្កាត់ ព្រែកព្នៅ,Sangkat Preaek Phnov,121202
រាជធានី ភ្នំពេញ,Phnom Penh Capital,120000,ខណ្ឌ ព្រែកព្នៅ,Khan Preaek Pnov,121200,សង្កាត់ ពញាពន់,Sangkat Ponhea Pun,121203
រាជធានី ភ្នំពេញ,Phnom Penh Capital,120000,ខណ្ឌ ព្រែកព្នៅ,Khan Preaek Pnov,121200,សង្កាត់ ពន្សាំង,Sangkat Punsang,121204
រាជធានី ភ្នំពេញ,Phnom Penh Capital,120000,ខណ្ឌ ព្រែកព្នៅ,Khan Preaek Pnov,121200,សង្កាត់ សំរោង,Sangkat Samraong,121205
រាជធានី ភ្នំពេញ,Phnom Penh Capital,120000,ខណ្ឌ បឹងកេងកង,Khan Boeng Keng Kang,121300,សង្កាត់ បឹងកេងកងទី ១,Sangkat Boeng Keng Kang Ti Muoy,121301
រាជធានី ភ្នំពេញ,Phnom Penh Capital,120000,ខណ្ឌ បឹងកេងកង,Khan Boeng Keng Kang,121300,សង្កាត់ បឹងកេងកងទី ២,Sangkat Boeng Keng Kang Ti Pir,121302
រាជធានី ភ្នំពេញ,Phnom Penh Capital,120000,ខណ្ឌ បឹងកេងកង,Khan Boeng Keng Kang,121300,សង្កាត់ បឹងកេងកងទី ៣,Sangkat Boeng Keng Kang Ti Bei,121303
រាជធានី ភ្នំពេញ,Phnom Penh Capital,120000,ខណ្ឌ បឹងកេងកង,Khan Boeng Keng Kang,121300,សង្កាត់ អូឡាំពិក,Sangkat Oulampik,121304
រាជធានី ភ្នំពេញ,Phnom Penh Capital,120000,ខណ្ឌ បឹងកេងកង,Khan Boeng Keng Kang,121300,សង្កាត់ ទំនប់ទឹក,Sangkat Tumnub Tuek,121305
រាជធានី ភ្នំពេញ,Phnom Penh Capital,120000,ខណ្ឌ បឹងកេងកង,Khan Boeng Keng Kang,121300,សង្កាត់ ទួលស្វាយព្រៃទី ១,Sangkat Tuol Svay Prey Ti Muoy,121306
រាជធានី ភ្នំពេញ,Phnom Penh Capital,120000,ខណ្ឌ បឹងកេងកង,Khan Boeng Keng Kang,121300,សង្កាត់ ទួលស្វាយព្រៃទី ២,Sangkat Tuol Svay Prey Ti Pir,121307
រាជធានី ភ្នំពេញ,Phnom Penh Capital,120000,ខណ្ឌ កំបូល,Khan Kamboul,121400,សង្កាត់ កំបូល,Sangkat Kamboul,121401
រាជធានី ភ្នំពេញ,Phnom Penh Capital,120000,ខណ្ឌ កំបូល,Khan Kamboul,121400,សង្កាត់ កន្ទោក,Sangkat Kantaok,121402
រាជធានី ភ្នំពេញ,Phnom Penh Capital,120000,ខណ្ឌ កំបូល,Khan Kamboul,121400,សង្កាត់ ឪឡោក,Sangkat Ovlaok,121403
រាជធានី ភ្នំពេញ,Phnom Penh Capital,120000,ខណ្ឌ កំបូល,Khan Kamboul,121400,សង្កាត់ ស្នោរ,Sangkat Snaor,121404
រាជធានី ភ្នំពេញ,Phnom Penh Capital,120000,ខណ្ឌ កំបូល,Khan Kamboul,121400,សង្កាត់ ភ្លើងឆេះរទេះ,Sangkat Phleung Chheh Roteh,121405
រាជធានី ភ្នំពេញ,Phnom Penh Capital,120000,ខណ្ឌ កំបូល,Khan Kamboul,121400,សង្កាត់ បឹងធំ,Sangkat Boeng Thum,121406
រាជធានី ភ្នំពេញ,Phnom Penh Capital,120000,ខណ្ឌ កំបូល,Khan Kamboul,121400,សង្កាត់ ប្រទះឡាង,Sangkat Prateah Lang,121407
ខេត្ត ព្រះវិហារ,Preah Vihear,130000,ស្រុក ជ័យសែន,Chey Saen,130100,ឃុំ ស្អាង,S'ang,130101
ខេត្ត ព្រះវិហារ,Preah Vihear,130000,ស្រុក ជ័យសែន,Chey Saen,130100,ឃុំ តស៊ូ,Tasu,130102
ខេត្ត ព្រះវិហារ,Preah Vihear,130000,ស្រុក ជ័យសែន,Chey Saen,130100,ឃុំ ខ្យង,Khyang,130103
ខេត្ត ព្រះវិហារ,Preah Vihear,130000,ស្រុក ជ័យសែន,Chey Saen,130100,ឃុំ ច្រាច់,Chrach,130104
ខេត្ត ព្រះវិហារ,Preah Vihear,130000,ស្រុក ជ័យសែន,Chey Saen,130100,ឃុំ ធ្មា,Thmea,130105
ខេត្ត ព្រះវិហារ,Preah Vihear,130000,ស្រុក ជ័យសែន,Chey Saen,130100,ឃុំ ពុទ្រា,Puttrea,130106
ខេត្ត ព្រះវិហារ,Preah Vihear,130000,ស្រុក ឆែប,Chhaeb,130200,ឃុំ ឆែបមួយ,Chhaeb Muoy,130201
ខេត្ត ព្រះវិហារ,Preah Vihear,130000,ស្រុក ឆែប,Chhaeb,130200,ឃុំ ឆែបពីរ,Chhaeb Pir,130202
ខេត្ត ព្រះវិហារ,Preah Vihear,130000,ស្រុក ឆែប,Chhaeb,130200,ឃុំ សង្កែមួយ,Sangkae Muoy,130203
ខេត្ត ព្រះវិហារ,Preah Vihear,130000,ស្រុក ឆែប,Chhaeb,130200,ឃុំ សង្កែពីរ,Sangkae Pir,130204
ខេត្ត ព្រះវិហារ,Preah Vihear,130000,ស្រុក ឆែប,Chhaeb,130200,ឃុំ ម្លូព្រៃមួយ,Mlu Prey Muoy,130205
ខេត្ត ព្រះវិហារ,Preah Vihear,130000,ស្រុក ឆែប,Chhaeb,130200,ឃុំ ម្លូព្រៃពីរ,Mlu Prey Pir,130206
ខេត្ត ព្រះវិហារ,Preah Vihear,130000,ស្រុក ឆែប,Chhaeb,130200,ឃុំ កំពង់ស្រឡៅមួយ,Kampong Sralau Muoy,130207
ខេត្ត ព្រះវិហារ,Preah Vihear,130000,ស្រុក ឆែប,Chhaeb,130200,ឃុំ កំពង់ស្រឡៅពីរ,Kampong Sralau Pir,130208
ខេត្ត ព្រះវិហារ,Preah Vihear,130000,ស្រុក ជាំក្សាន្ត,Choam Khsan,130300,ឃុំ ជាំក្សាន្ត,Choam Khsan,130301
ខេត្ត ព្រះវិហារ,Preah Vihear,130000,ស្រុក ជាំក្សាន្ត,Choam Khsan,130300,ឃុំ ទឹកក្រហម,Tuek Kraham,130302
ខេត្ត ព្រះវិហារ,Preah Vihear,130000,ស្រុក ជាំក្សាន្ត,Choam Khsan,130300,ឃុំ ព្រីងធំ,Pring Thum,130303
ខេត្ត ព្រះវិហារ,Preah Vihear,130000,ស្រុក ជាំក្សាន្ត,Choam Khsan,130300,ឃុំ រំដោះស្រែ,Rumdaoh Srae,130304
ខេត្ត ព្រះវិហារ,Preah Vihear,130000,ស្រុក ជាំក្សាន្ត,Choam Khsan,130300,ឃុំ យាង,Yeang,130305
ខេត្ត ព្រះវិហារ,Preah Vihear,130000,ស្រុក ជាំក្សាន្ត,Choam Khsan,130300,ឃុំ កន្ទួត,Kantuot,130306
ខេត្ត ព្រះវិហារ,Preah Vihear,130000,ស្រុក ជាំក្សាន្ត,Choam Khsan,130300,ឃុំ មរកត,Morokat,130307
ខេត្ត ព្រះវិហារ,Preah Vihear,130000,ស្រុក ជាំក្សាន្ត,Choam Khsan,130300,ឃុំ ស្រអែម,Sra Aem,130308
ខេត្ត ព្រះវិហារ,Preah Vihear,130000,ស្រុក គូលែន,Kuleaen,130400,ឃុំ គូលែនត្បូង,Kuleaen Tboung,130401
ខេត្ត ព្រះវិហារ,Preah Vihear,130000,ស្រុក គូលែន,Kuleaen,130400,ឃុំ គូលែនជើង,Kuleaen Cheung,130402
ខេត្ត ព្រះវិហារ,Preah Vihear,130000,ស្រុក គូលែន,Kuleaen,130400,ឃុំ ថ្មី,Thmei,130403
ខេត្ត ព្រះវិហារ,Preah Vihear,130000,ស្រុក គូលែន,Kuleaen,130400,ឃុំ ភ្នំពេញ,Phnum Penh,130404
ខេត្ត ព្រះវិហារ,Preah Vihear,130000,ស្រុក គូលែន,Kuleaen,130400,ឃុំ ភ្នំត្បែងពីរ,Phnum Tbaeng Pir,130405
ខេត្ត ព្រះវិហារ,Preah Vihear,130000,ស្រុក គូលែន,Kuleaen,130400,ឃុំ ស្រយង់,Srayang,130406
ខេត្ត ព្រះវិហារ,Preah Vihear,130000,ស្រុក រវៀង,Rovieng,130500,ឃុំ របៀប,Robieb,130501
ខេត្ត ព្រះវិហារ,Preah Vihear,130000,ស្រុក រវៀង,Rovieng,130500,ឃុំ រស្មី,Reaksmei,130502
ខេត្ត ព្រះវិហារ,Preah Vihear,130000,ស្រុក រវៀង,Rovieng,130500,ឃុំ រហ័ស,Rohas,130503
ខេត្ត ព្រះវិហារ,Preah Vihear,130000,ស្រុក រវៀង,Rovieng,130500,ឃុំ រុងរឿង,Rung Roeang,130504
ខេត្ត ព្រះវិហារ,Preah Vihear,130000,ស្រុក រវៀង,Rovieng,130500,ឃុំ រីករាយ,Rik Reay,130505
ខេត្ត ព្រះវិហារ,Preah Vihear,130000,ស្រុក រវៀង,Rovieng,130500,ឃុំ រួសរាន់,Ruos Roan,130506
ខេត្ត ព្រះវិហារ,Preah Vihear,130000,ស្រុក រវៀង,Rovieng,130500,ឃុំ រតនៈ,Rottaknak,130507
ខេត្ត ព្រះវិហារ,Preah Vihear,130000,ស្រុក រវៀង,Rovieng,130500,ឃុំ រៀបរយ,Rieb Roy,130508
ខេត្ត ព្រះវិហារ,Preah Vihear,130000,ស្រុក រវៀង,Rovieng,130500,ឃុំ រក្សា,Reaksa,130509
ខេត្ត ព្រះវិហារ,Preah Vihear,130000,ស្រុក រវៀង,Rovieng,130500,ឃុំ រំដោះ,Rumdaoh,130510
ខេត្ត ព្រះវិហារ,Preah Vihear,130000,ស្រុក រវៀង,Rovieng,130500,ឃុំ រមទម,Rumtum,130511
ខេត្ត ព្រះវិហារ,Preah Vihear,130000,ស្រុក រវៀង,Rovieng,130500,ឃុំ រមណីយ,Rummeakney,130512
ខេត្ត ព្រះវិហារ,Preah Vihear,130000,ស្រុក សង្គមថ្មី,Sangkum Thmei,130600,ឃុំ ចំរើន,Chamraeun,130601
ខេត្ត ព្រះវិហារ,Preah Vihear,130000,ស្រុក សង្គមថ្មី,Sangkum Thmei,130600,ឃុំ រអាង,Ro Ang,130602
ខេត្ត ព្រះវិហារ,Preah Vihear,130000,ស្រុក សង្គមថ្មី,Sangkum Thmei,130600,ឃុំ ភ្នំត្បែងមួយ,Phnum Tbaeng Muoy,130603
ខេត្ត ព្រះវិហារ,Preah Vihear,130000,ស្រុក សង្គមថ្មី,Sangkum Thmei,130600,ឃុំ ស្តៅ,Sdau,130604
ខេត្ត ព្រះវិហារ,Preah Vihear,130000,ស្រុក សង្គមថ្មី,Sangkum Thmei,130600,ឃុំ រណសិរ្ស,Reaknak Se,130605
ខេត្ត ព្រះវិហារ,Preah Vihear,130000,ស្រុក ត្បែងមានជ័យ,Tbaeng Mean Chey,130700,ឃុំ ឈានមុខ,Chhean Mukh,130703
ខេត្ត ព្រះវិហារ,Preah Vihear,130000,ស្រុក ត្បែងមានជ័យ,Tbaeng Mean Chey,130700,ឃុំ ពោធិ៍,Pou,130704
ខេត្ត ព្រះវិហារ,Preah Vihear,130000,ស្រុក ត្បែងមានជ័យ,Tbaeng Mean Chey,130700,ឃុំ ប្រមេរុ,Pramae,130705
ខេត្ត ព្រះវិហារ,Preah Vihear,130000,ស្រុក ត្បែងមានជ័យ,Tbaeng Mean Chey,130700,ឃុំ ព្រះឃ្លាំង,Preah Khleang,130706
ខេត្ត ព្រះវិហារ,Preah Vihear,130000,ក្រុង ព្រះវិហារ,Preah Vihear,130800,សង្កាត់ កំពង់ប្រណាក,Sangkat Kampong Pranak,130801
ខេត្ត ព្រះវិហារ,Preah Vihear,130000,ក្រុង ព្រះវិហារ,Preah Vihear,130800,សង្កាត់ ប៉ាលហាល,Sangkat Pal Hal,130802
ខេត្ត ព្រៃវែង,Prey Veng,140000,ស្រុក បាភ្នំ,Ba Phnum,140100,ឃុំ បឹងព្រះ,Boeng Preah,140101
ខេត្ត ព្រៃវែង,Prey Veng,140000,ស្រុក បាភ្នំ,Ba Phnum,140100,ឃុំ ជើងភ្នំ,Cheung Phnum,140102
ខេត្ត ព្រៃវែង,Prey Veng,140000,ស្រុក បាភ្នំ,Ba Phnum,140100,ឃុំ ឈើកាច់,Chheu Kach,140103
ខេត្ត ព្រៃវែង,Prey Veng,140000,ស្រុក បាភ្នំ,Ba Phnum,140100,ឃុំ រក្សជ័យ,Reak Chey,140104
ខេត្ត ព្រៃវែង,Prey Veng,140000,ស្រុក បាភ្នំ,Ba Phnum,140100,ឃុំ រោងដំរី,Roung Damrei,140105
ខេត្ត ព្រៃវែង,Prey Veng,140000,ស្រុក បាភ្នំ,Ba Phnum,140100,ឃុំ ស្តៅកោង,Sdau Kaong,140106
ខេត្ត ព្រៃវែង,Prey Veng,140000,ស្រុក បាភ្នំ,Ba Phnum,140100,ឃុំ ស្ពឺ ក,Spueu Ka,140107
ខេត្ត ព្រៃវែង,Prey Veng,140000,ស្រុក បាភ្នំ,Ba Phnum,140100,ឃុំ ស្ពឺ ខ,Spueu Kha,140108
ខេត្ត ព្រៃវែង,Prey Veng,140000,ស្រុក បាភ្នំ,Ba Phnum,140100,ឃុំ ធាយ,Theay,140109
ខេត្ត ព្រៃវែង,Prey Veng,140000,ស្រុក កំចាយមារ,Kamchay Mear,140200,ឃុំ ជាច,Cheach,140201
ខេត្ត ព្រៃវែង,Prey Veng,140000,ស្រុក កំចាយមារ,Kamchay Mear,140200,ឃុំ ដូនកឹង,Doun Koeng,140202
ខេត្ត ព្រៃវែង,Prey Veng,140000,ស្រុក កំចាយមារ,Kamchay Mear,140200,ឃុំ ក្រញូង,Kranhung,140203
ខេត្ត ព្រៃវែង,Prey Veng,140000,ស្រុក កំចាយមារ,Kamchay Mear,140200,ឃុំ ក្របៅ,Krabau,140204
ខេត្ត ព្រៃវែង,Prey Veng,140000,ស្រុក កំចាយមារ,Kamchay Mear,140200,ឃុំ ស៊ាងឃ្វាំង,Seang Khveang,140205
ខេត្ត ព្រៃវែង,Prey Veng,140000,ស្រុក កំចាយមារ,Kamchay Mear,140200,ឃុំ ស្មោងខាងជើង,Smaong Cheung,140206
ខេត្ត ព្រៃវែង,Prey Veng,140000,ស្រុក កំចាយមារ,Kamchay Mear,140200,ឃុំ ស្មោងខាងត្បូង,Smaong Tboung,140207
ខេត្ត ព្រៃវែង,Prey Veng,140000,ស្រុក កំចាយមារ,Kamchay Mear,140200,ឃុំ ត្របែក,Trabaek,140208
ខេត្ត ព្រៃវែង,Prey Veng,140000,ស្រុក កំពង់ត្របែក,Kampong Trabaek,140300,ឃុំ អន្សោង,Ansaong,140301
ខេត្ត ព្រៃវែង,Prey Veng,140000,ស្រុក កំពង់ត្របែក,Kampong Trabaek,140300,ឃុំ ចាម,Cham,140302
ខេត្ត ព្រៃវែង,Prey Veng,140000,ស្រុក កំពង់ត្របែក,Kampong Trabaek,140300,ឃុំ ជាងដែក,Cheang Daek,140303
ខេត្ត ព្រៃវែង,Prey Veng,140000,ស្រុក កំពង់ត្របែក,Kampong Trabaek,140300,ឃុំ ជ្រៃ,Chrey,140304
ខេត្ត ព្រៃវែង,Prey Veng,140000,ស្រុក កំពង់ត្របែក,Kampong Trabaek,140300,ឃុំ កន្សោមអក,Kansaom Ak,140305
ខេត្ត ព្រៃវែង,Prey Veng,140000,ស្រុក កំពង់ត្របែក,Kampong Trabaek,140300,ឃុំ គោខ្ចក,Kou Khchak,140306
ខេត្ត ព្រៃវែង,Prey Veng,140000,ស្រុក កំពង់ត្របែក,Kampong Trabaek,140300,ឃុំ កំពង់ត្របែក,Kampong Trabaek,140307
ខេត្ត ព្រៃវែង,Prey Veng,140000,ស្រុក កំពង់ត្របែក,Kampong Trabaek,140300,ឃុំ ពាមមន្ទារ,Peam Muntear,140308
ខេត្ត ព្រៃវែង,Prey Veng,140000,ស្រុក កំពង់ត្របែក,Kampong Trabaek,140300,ឃុំ ប្រាសាទ,Prasat,140309
ខេត្ត ព្រៃវែង,Prey Veng,140000,ស្រុក កំពង់ត្របែក,Kampong Trabaek,140300,ឃុំ ប្រធាតុ,Pratheat,140310
ខេត្ត ព្រៃវែង,Prey Veng,140000,ស្រុក កំពង់ត្របែក,Kampong Trabaek,140300,ឃុំ ព្រៃឈរ,Prey Chhor,140311
ខេត្ត ព្រៃវែង,Prey Veng,140000,ស្រុក កំពង់ត្របែក,Kampong Trabaek,140300,ឃុំ ព្រៃពោន,Prey Poun,140312
ខេត្ត ព្រៃវែង,Prey Veng,140000,ស្រុក កំពង់ត្របែក,Kampong Trabaek,140300,ឃុំ ថ្កូវ,Thkouv,140313
ខេត្ត ព្រៃវែង,Prey Veng,140000,ស្រុក កញ្ជ្រៀច,Kanhchriech,140400,ឃុំ ចុងអំពិល,Chong Ampil,140401
ខេត្ត ព្រៃវែង,Prey Veng,140000,ស្រុក កញ្ជ្រៀច,Kanhchriech,140400,ឃុំ កញ្ជ្រៀច,Kanhchriech,140402
ខេត្ត ព្រៃវែង,Prey Veng,140000,ស្រុក កញ្ជ្រៀច,Kanhchriech,140400,ឃុំ ក្ដឿងរាយ,Kdoeang Reay,140403
ខេត្ត ព្រៃវែង,Prey Veng,140000,ស្រុក កញ្ជ្រៀច,Kanhchriech,140400,ឃុំ គោកគង់កើត,Kouk Kung Kaeut,140404
ខេត្ត ព្រៃវែង,Prey Veng,140000,ស្រុក កញ្ជ្រៀច,Kanhchriech,140400,ឃុំ គោកគង់លិច,Kouk Kung Lech,140405
ខេត្ត ព្រៃវែង,Prey Veng,140000,ស្រុក កញ្ជ្រៀច,Kanhchriech,140400,ឃុំ ព្រាល,Preal,140406
ខេត្ត ព្រៃវែង,Prey Veng,140000,ស្រុក កញ្ជ្រៀច,Kanhchriech,140400,ឃុំ ថ្មពូន,Thma Pun,140407
ខេត្ត ព្រៃវែង,Prey Veng,140000,ស្រុក កញ្ជ្រៀច,Kanhchriech,140400,ឃុំ ត្នោត,Tnaot,140408
ខេត្ត ព្រៃវែង,Prey Veng,140000,ស្រុក​​ មេសាង,Me Sang,140500,ឃុំ អង្គរសរ,Angkor Sar,140501
ខេត្ត ព្រៃវែង,Prey Veng,140000,ស្រុក​​ មេសាង,Me Sang,140500,ឃុំ ច្រេស,Chres,140502
ខេត្ត ព្រៃវែង,Prey Veng,140000,ស្រុក​​ មេសាង,Me Sang,140500,ឃុំ ជីផុច,Chi Phoch,140503
ខេត្ត ព្រៃវែង,Prey Veng,140000,ស្រុក​​ មេសាង,Me Sang,140500,ឃុំ ព្រៃឃ្នេស,Prey Khnes,140504
ខេត្ត ព្រៃវែង,Prey Veng,140000,ស្រុក​​ មេសាង,Me Sang,140500,ឃុំ ព្រៃរំដេង,Prey Rumdeng,140505
ខេត្ត ព្រៃវែង,Prey Veng,140000,ស្រុក​​ មេសាង,Me Sang,140500,ឃុំ ព្រៃទទឹង,Prey Totueng,140506
ខេត្ត ព្រៃវែង,Prey Veng,140000,ស្រុក​​ មេសាង,Me Sang,140500,ឃុំ ស្វាយជ្រំ,Svay Chrum,140507
ខេត្ត ព្រៃវែង,Prey Veng,140000,ស្រុក​​ មេសាង,Me Sang,140500,ឃុំ ត្រពាំងស្រែ,Trapeang Srae,140508
ខេត្ត ព្រៃវែង,Prey Veng,140000,ស្រុក ពាមជរ,Peam Chor,140600,ឃុំ អង្គរអង្គ,Angkor Ang,140601
ខេត្ត ព្រៃវែង,Prey Veng,140000,ស្រុក ពាមជរ,Peam Chor,140600,ឃុំ កំពង់ប្រាសាទ,Kampong Prasat,140602
ខេត្ត ព្រៃវែង,Prey Veng,140000,ស្រុក ពាមជរ,Peam Chor,140600,ឃុំ កោះចែត,Kaoh Chek,140603
ខេត្ត ព្រៃវែង,Prey Veng,140000,ស្រុក ពាមជរ,Peam Chor,140600,ឃុំ កោះរកា,Kaoh Roka,140604
ខេត្ត ព្រៃវែង,Prey Veng,140000,ស្រុក ពាមជរ,Peam Chor,140600,ឃុំ កោះសំពៅ,Kaoh Sampov,140605
ខេត្ត ព្រៃវែង,Prey Veng,140000,ស្រុក ពាមជរ,Peam Chor,140600,ឃុំ ក្រាំងតាយ៉ង,Krang Ta Yang,140606
ខេត្ត ព្រៃវែង,Prey Veng,140000,ស្រុក ពាមជរ,Peam Chor,140600,ឃុំ ព្រែកក្របៅ,Preaek Krabau,140607
ខេត្ត ព្រៃវែង,Prey Veng,140000,ស្រុក ពាមជរ,Peam Chor,140600,ឃុំ ព្រែកសំបួរ,Preaek Sambuor,140608
ខេត្ត ព្រៃវែង,Prey Veng,140000,ស្រុក ពាមជរ,Peam Chor,140600,ឃុំ ឫស្សីស្រុក,Ruessei Srok,140609
ខេត្ត ព្រៃវែង,Prey Veng,140000,ស្រុក ពាមជរ,Peam Chor,140600,ឃុំ ស្វាយភ្លោះ,Svay Phluoh,140610
ខេត្ត ព្រៃវែង,Prey Veng,140000,ស្រុក ពាមរក៍,Peam Ro,140700,ឃុំ បាបោង,Ba Baong,140701
ខេត្ត ព្រៃវែង,Prey Veng,140000,ស្រុក ពាមរក៍,Peam Ro,140700,ឃុំ បន្លិចប្រាសាទ,Banlech Prasat,140702
ខេត្ត ព្រៃវែង,Prey Veng,140000,ស្រុក ពាមរក៍,Peam Ro,140700,ឃុំ អ្នកលឿង,Neak Loeang,140703
ខេត្ត ព្រៃវែង,Prey Veng,140000,ស្រុក ពាមរក៍,Peam Ro,140700,ឃុំ ពាមមានជ័យ,Peam Mean Chey,140704
ខេត្ត ព្រៃវែង,Prey Veng,140000,ស្រុក ពាមរក៍,Peam Ro,140700,ឃុំ ពាមរក៍,Peam Ro,140705
ខេត្ត ព្រៃវែង,Prey Veng,140000,ស្រុក ពាមរក៍,Peam Ro,140700,ឃុំ ព្រែកខ្សាយ ក,Preaek Khsay Ka,140706
ខេត្ត ព្រៃវែង,Prey Veng,140000,ស្រុក ពាមរក៍,Peam Ro,140700,ឃុំ ព្រែកខ្សាយ ខ,Preaek Khsay Kha,140707
ខេត្ត ព្រៃវែង,Prey Veng,140000,ស្រុក ពាមរក៍,Peam Ro,140700,ឃុំ ព្រៃកណ្ដៀង,Prey Kandieng,140708
ខេត្ត ព្រៃវែង,Prey Veng,140000,ស្រុក ពារាំង,Pea Reang,140800,ឃុំ កំពង់ពពិល,Kampong Popil,140801
ខេត្ត ព្រៃវែង,Prey Veng,140000,ស្រុក ពារាំង,Pea Reang,140800,ឃុំ កញ្ចំ,Kanhcham,140802
ខេត្ត ព្រៃវែង,Prey Veng,140000,ស្រុក ពារាំង,Pea Reang,140800,ឃុំ កំពង់ប្រាំង,Kampong Prang,140803
ខេត្ត ព្រៃវែង,Prey Veng,140000,ស្រុក ពារាំង,Pea Reang,140800,ឃុំ មេសរប្រចាន់,Mesar Prachan,140805
ខេត្ត ព្រៃវែង,Prey Veng,140000,ស្រុក ពារាំង,Pea Reang,140800,ឃុំ ព្រៃព្នៅ,Prey Pnov,140807
ខេត្ត ព្រៃវែង,Prey Veng,140000,ស្រុក ពារាំង,Pea Reang,140800,ឃុំ ព្រៃស្នៀត,Prey Sniet,140808
ខេត្ត ព្រៃវែង,Prey Veng,140000,ស្រុក ពារាំង,Pea Reang,140800,ឃុំ ព្រៃស្រឡិត,Prey Sralet,140809
ខេត្ត ព្រៃវែង,Prey Veng,140000,ស្រុក ពារាំង,Pea Reang,140800,ឃុំ រាប,Reab,140810
ខេត្ត ព្រៃវែង,Prey Veng,140000,ស្រុក ពារាំង,Pea Reang,140800,ឃុំ រកា,Roka,140811
ខេត្ត ព្រៃវែង,Prey Veng,140000,ស្រុក ព្រះស្តេច,Preah Sdach,140900,ឃុំ អង្គររាជ្យ,Angkor Reach,140901
ខេត្ត ព្រៃវែង,Prey Veng,140000,ស្រុក ព្រះស្តេច,Preah Sdach,140900,ឃុំ បន្ទាយចក្រី,Banteay Chakrei,140902
ខេត្ត ព្រៃវែង,Prey Veng,140000,ស្រុក ព្រះស្តេច,Preah Sdach,140900,ឃុំ បឹងដោល,Boeng Daol,140903
ខេត្ត ព្រៃវែង,Prey Veng,140000,ស្រុក ព្រះស្តេច,Preah Sdach,140900,ឃុំ ជ័យកំពក,Chey Kampok,140904
ខេត្ត ព្រៃវែង,Prey Veng,140000,ស្រុក ព្រះស្តេច,Preah Sdach,140900,ឃុំ កំពង់សឹង,Kampong Soeng,140905
ខេត្ត ព្រៃវែង,Prey Veng,140000,ស្រុក ព្រះស្តេច,Preah Sdach,140900,ឃុំ ក្រាំងស្វាយ,Krang Svay,140906
ខេត្ត ព្រៃវែង,Prey Veng,140000,ស្រុក ព្រះស្តេច,Preah Sdach,140900,ឃុំ ល្វា,Lvea,140907
ខេត្ត ព្រៃវែង,Prey Veng,140000,ស្រុក ព្រះស្តេច,Preah Sdach,140900,ឃុំ ព្រះស្តេច,Preah Sdach,140908
ខេត្ត ព្រៃវែង,Prey Veng,140000,ស្រុក ព្រះស្តេច,Preah Sdach,140900,ឃុំ រាធរ,Reathor,140909
ខេត្ត ព្រៃវែង,Prey Veng,140000,ស្រុក ព្រះស្តេច,Preah Sdach,140900,ឃុំ រំចេក,Rumchek,140910
ខេត្ត ព្រៃវែង,Prey Veng,140000,ស្រុក ព្រះស្តេច,Preah Sdach,140900,ឃុំ សេនារាជឧត្តម,Sena Reach Otdam,140911
ខេត្ត ព្រៃវែង,Prey Veng,140000,ក្រុង ព្រៃវែង,Prey Veaeng,141000,សង្កាត់ បារាយណ៍,Sangkat Baray,141001
ខេត្ត ព្រៃវែង,Prey Veng,140000,ក្រុង ព្រៃវែង,Prey Veaeng,141000,សង្កាត់ ជើងទឹក,Sangkat Cheung Tuek,141002
ខេត្ត ព្រៃវែង,Prey Veng,140000,ក្រុង ព្រៃវែង,Prey Veaeng,141000,សង្កាត់ កំពង់លាវ,Sangkat Kampong Leav,141003
ខេត្ត ព្រៃវែង,Prey Veng,140000,ក្រុង ព្រៃវែង,Prey Veaeng,141000,សង្កាត់ តាកោ,Sangkat Ta Kao,141004
ខេត្ត ព្រៃវែង,Prey Veng,140000,ក្រុង ព្រៃវែង,Prey Veaeng,141000,ស្រុក ពោធិ៍រៀង,Pou Rieng,141100
ខេត្ត ព្រៃវែង,Prey Veng,140000,ក្រុង ព្រៃវែង,Prey Veaeng,141000,ឃុំ ពោធិ៍រៀង,Pou Rieng,141104
ខេត្ត ព្រៃវែង,Prey Veng,140000,ក្រុង ព្រៃវែង,Prey Veaeng,141000,ឃុំ ព្រែកអន្ទះ,Preaek Anteah,141105
ខេត្ត ព្រៃវែង,Prey Veng,140000,ក្រុង ព្រៃវែង,Prey Veaeng,141000,ឃុំ ព្រែកជ្រៃ,Preaek Chrey,141106
ខេត្ត ព្រៃវែង,Prey Veng,140000,ក្រុង ព្រៃវែង,Prey Veaeng,141000,ឃុំ ព្រៃកន្លោង,Prey Kanlaong,141107
ខេត្ត ព្រៃវែង,Prey Veng,140000,ក្រុង ព្រៃវែង,Prey Veaeng,141000,ឃុំ កំពង់ឫស្សី,Kampong Ruessei,141109
ខេត្ត ព្រៃវែង,Prey Veng,140000,ក្រុង ព្រៃវែង,Prey Veaeng,141000,ឃុំ ព្រែកតាសរ,Preaek Ta Sar,141110
ខេត្ត ព្រៃវែង,Prey Veng,140000,ស្រុក ស៊ីធរកណ្តាល,Sithor Kandal,141200,ឃុំ អំពឹលក្រៅ,Ampil Krau,141201
ខេត្ត ព្រៃវែង,Prey Veng,140000,ស្រុក ស៊ីធរកណ្តាល,Sithor Kandal,141200,ឃុំ ជ្រៃឃ្មុំ,Chrey Khmum,141202
ខេត្ត ព្រៃវែង,Prey Veng,140000,ស្រុក ស៊ីធរកណ្តាល,Sithor Kandal,141200,ឃុំ ល្វេ,Lve,141203
ខេត្ត ព្រៃវែង,Prey Veng,140000,ស្រុក ស៊ីធរកណ្តាល,Sithor Kandal,141200,ឃុំ ព្នៅទី ១,Pnov Ti Muoy,141204
ខេត្ត ព្រៃវែង,Prey Veng,140000,ស្រុក ស៊ីធរកណ្តាល,Sithor Kandal,141200,ឃុំ ព្នៅទី ២,Pnov Ti Pir,141205
ខេត្ត ព្រៃវែង,Prey Veng,140000,ស្រុក ស៊ីធរកណ្តាល,Sithor Kandal,141200,ឃុំ ពោធិ៍ទី,Pou Ti,141206
ខេត្ត ព្រៃវែង,Prey Veng,140000,ស្រុក ស៊ីធរកណ្តាល,Sithor Kandal,141200,ឃុំ ព្រែកចង្រ្កាន,Preaek Changkran,141207
ខេត្ត ព្រៃវែង,Prey Veng,140000,ស្រុក ស៊ីធរកណ្តាល,Sithor Kandal,141200,ឃុំ ព្រៃដើមថ្នឹង,Prey Daeum Thnoeng,141208
ខេត្ត ព្រៃវែង,Prey Veng,140000,ស្រុក ស៊ីធរកណ្តាល,Sithor Kandal,141200,ឃុំ ព្រៃទឹង,Prey Tueng,141209
ខេត្ត ព្រៃវែង,Prey Veng,140000,ស្រុក ស៊ីធរកណ្តាល,Sithor Kandal,141200,ឃុំ រំលេច,Rumlech,141210
ខេត្ត ព្រៃវែង,Prey Veng,140000,ស្រុក ស៊ីធរកណ្តាល,Sithor Kandal,141200,ឃុំ ឫស្សីសាញ់,Ruessei Sanh,141211
ខេត្ត ព្រៃវែង,Prey Veng,140000,ស្រុក ស្វាយអន្ទរ,Svay Antor,141300,ឃុំ អង្គរទ្រេត,Angkor Tret,141301
ខេត្ត ព្រៃវែង,Prey Veng,140000,ស្រុក ស្វាយអន្ទរ,Svay Antor,141300,ឃុំ ជាខ្លាង,Chea Khlang,141302
ខេត្ត ព្រៃវែង,Prey Veng,140000,ស្រុក ស្វាយអន្ទរ,Svay Antor,141300,ឃុំ ជ្រៃ,Chrey,141303
ខេត្ត ព្រៃវែង,Prey Veng,140000,ស្រុក ស្វាយអន្ទរ,Svay Antor,141300,ឃុំ ដំរីពួន,Damrei Puon,141304
ខេត្ត ព្រៃវែង,Prey Veng,140000,ស្រុក ស្វាយអន្ទរ,Svay Antor,141300,ឃុំ មេបុណ្យ,Me Bon,141305
ខេត្ត ព្រៃវែង,Prey Veng,140000,ស្រុក ស្វាយអន្ទរ,Svay Antor,141300,ឃុំ ពានរោង,Pean Roung,141306
ខេត្ត ព្រៃវែង,Prey Veng,140000,ស្រុក ស្វាយអន្ទរ,Svay Antor,141300,ឃុំ ពពឺស,Popueus,141307
ខេត្ត ព្រៃវែង,Prey Veng,140000,ស្រុក ស្វាយអន្ទរ,Svay Antor,141300,ឃុំ ព្រៃខ្លា,Prey Khla,141308
ខេត្ត ព្រៃវែង,Prey Veng,140000,ស្រុក ស្វាយអន្ទរ,Svay Antor,141300,ឃុំ សំរោង,Samraong,141309
ខេត្ត ព្រៃវែង,Prey Veng,140000,ស្រុក ស្វាយអន្ទរ,Svay Antor,141300,ឃុំ ស្វាយអន្ទរ,Svay Antor,141310
ខេត្ត ព្រៃវែង,Prey Veng,140000,ស្រុក ស្វាយអន្ទរ,Svay Antor,141300,ឃុំ ទឹកថ្លា,Tuek Thla,141311
ខេត្ត ពោធិ៍សាត់,Pursat,150000,ស្រុក បាកាន,Bakan,150100,ឃុំ បឹងបត់កណ្តាល,Boeng Bat Kandaol,150101
ខេត្ត ពោធិ៍សាត់,Pursat,150000,ស្រុក បាកាន,Bakan,150100,ឃុំ បឹងខ្នារ,Boeng Khnar,150102
ខេត្ត ពោធិ៍សាត់,Pursat,150000,ស្រុក បាកាន,Bakan,150100,ឃុំ ខ្នារទទឹង,Khnar Totueng,150103
ខេត្ត ពោធិ៍សាត់,Pursat,150000,ស្រុក បាកាន,Bakan,150100,ឃុំ មេទឹក,Me Tuek,150104
ខេត្ត ពោធិ៍សាត់,Pursat,150000,ស្រុក បាកាន,Bakan,150100,ឃុំ អូរតាប៉ោង,Ou Ta Paong,150105
ខេត្ត ពោធិ៍សាត់,Pursat,150000,ស្រុក បាកាន,Bakan,150100,ឃុំ រំលេច,Rumlech,150106
ខេត្ត ពោធិ៍សាត់,Pursat,150000,ស្រុក បាកាន,Bakan,150100,ឃុំ ស្នាមព្រះ,Snam Preah,150107
ខេត្ត ពោធិ៍សាត់,Pursat,150000,ស្រុក បាកាន,Bakan,150100,ឃុំ ស្វាយដូនកែវ,Svay Doun Kaev,150108
ខេត្ត ពោធិ៍សាត់,Pursat,150000,ស្រុក បាកាន,Bakan,150100,ឃុំ ត្រពាំងជង,Trapeang Chong,150110
ខេត្ត ពោធិ៍សាត់,Pursat,150000,ស្រុក កណ្តៀង,Kandieng,150200,ឃុំ អន្លង់វិល,Anlung Vil,150201
ខេត្ត ពោធិ៍សាត់,Pursat,150000,ស្រុក កណ្តៀង,Kandieng,150200,ឃុំ កណ្តៀង,Kandieng,150202
ខេត្ត ពោធិ៍សាត់,Pursat,150000,ស្រុក កណ្តៀង,Kandieng,150200,ឃុំ កញ្ជរ,Kanhchor,150203
ខេត្ត ពោធិ៍សាត់,Pursat,150000,ស្រុក កណ្តៀង,Kandieng,150200,ឃុំ រាំងទិល,Reang Til,150205
ខេត្ត ពោធិ៍សាត់,Pursat,150000,ស្រុក កណ្តៀង,Kandieng,150200,ឃុំ ស្រែស្តុក,Srae Sdok,150206
ខេត្ត ពោធិ៍សាត់,Pursat,150000,ស្រុក កណ្តៀង,Kandieng,150200,ឃុំ ស្វាយលួង,Svay Luong,150207
ខេត្ត ពោធិ៍សាត់,Pursat,150000,ស្រុក កណ្តៀង,Kandieng,150200,ឃុំ ស្យា,Sya,150208
ខេត្ត ពោធិ៍សាត់,Pursat,150000,ស្រុក កណ្តៀង,Kandieng,150200,ឃុំ វាល,Veal,150209
ខេត្ត ពោធិ៍សាត់,Pursat,150000,ស្រុក កណ្តៀង,Kandieng,150200,ឃុំ កោះជុំ,Kaoh Chum,150210
ខេត្ត ពោធិ៍សាត់,Pursat,150000,ស្រុក ក្រគរ,Krakor,150300,ឃុំ អន្លង់ត្នោត,Anlung Tnaot,150301
ខេត្ត ពោធិ៍សាត់,Pursat,150000,ស្រុក ក្រគរ,Krakor,150300,ឃុំ អន្សាចំបក់,Ansa Chambak,150302
ខេត្ត ពោធិ៍សាត់,Pursat,150000,ស្រុក ក្រគរ,Krakor,150300,ឃុំ បឹងកន្ទួត,Boeng Kantuot,150303
ខេត្ត ពោធិ៍សាត់,Pursat,150000,ស្រុក ក្រគរ,Krakor,150300,ឃុំ ឈើតុំ,Chheu Tom,150304
ខេត្ត ពោធិ៍សាត់,Pursat,150000,ស្រុក ក្រគរ,Krakor,150300,ឃុំ កំពង់លួង,Kampong Luong,150305
ខេត្ត ពោធិ៍សាត់,Pursat,150000,ស្រុក ក្រគរ,Krakor,150300,ឃុំ កំពង់ពោធិ៍,Kampong Pou,150306
ខេត្ត ពោធិ៍សាត់,Pursat,150000,ស្រុក ក្រគរ,Krakor,150300,ឃុំ ក្បាលត្រាច,Kbal Trach,150307
ខេត្ត ពោធិ៍សាត់,Pursat,150000,ស្រុក ក្រគរ,Krakor,150300,ឃុំ អូរសណ្តាន់,Ou Sandan,150308
ខេត្ត ពោធិ៍សាត់,Pursat,150000,ស្រុក ក្រគរ,Krakor,150300,ឃុំ ស្នាអន្សា,Sna Ansa,150309
ខេត្ត ពោធិ៍សាត់,Pursat,150000,ស្រុក ក្រគរ,Krakor,150300,ឃុំ ស្វាយស,Svay Sa,150310
ខេត្ត ពោធិ៍សាត់,Pursat,150000,ស្រុក ក្រគរ,Krakor,150300,ឃុំ ត្នោតជុំ,Tnaot Chum,150311
ខេត្ត ពោធិ៍សាត់,Pursat,150000,ស្រុក ភ្នំក្រវាញ,Phnum Kravanh,150400,ឃុំ បាក់ចិញ្ចៀន,Bak Chenhchien,150401
ខេត្ត ពោធិ៍សាត់,Pursat,150000,ស្រុក ភ្នំក្រវាញ,Phnum Kravanh,150400,ឃុំ លាច,Leach,150402
ខេត្ត ពោធិ៍សាត់,Pursat,150000,ស្រុក ភ្នំក្រវាញ,Phnum Kravanh,150400,ឃុំ ព្រងិល,Prongil,150404
ខេត្ត ពោធិ៍សាត់,Pursat,150000,ស្រុក ភ្នំក្រវាញ,Phnum Kravanh,150400,ឃុំ រកាត,Rokat,150405
ខេត្ត ពោធិ៍សាត់,Pursat,150000,ស្រុក ភ្នំក្រវាញ,Phnum Kravanh,150400,ឃុំ សន្ទ្រែ,Santreae,150406
ខេត្ត ពោធិ៍សាត់,Pursat,150000,ស្រុក ភ្នំក្រវាញ,Phnum Kravanh,150400,ឃុំ សំរោង,Samraong,150407
ខេត្ត ពោធិ៍សាត់,Pursat,150000,ក្រុង ពោធិ៍សាត់,Pousat,150500,សង្កាត់ ចំរើនផល,Sangkat Chamraeun Phal,150501
ខេត្ត ពោធិ៍សាត់,Pursat,150000,ក្រុង ពោធិ៍សាត់,Pousat,150500,សង្កាត់ លលកស,Sangkat Lolok Sa,150503
ខេត្ត ពោធិ៍សាត់,Pursat,150000,ក្រុង ពោធិ៍សាត់,Pousat,150500,សង្កាត់ ផ្ទះព្រៃ,Sangkat Phteah Prey,150504
ខេត្ត ពោធិ៍សាត់,Pursat,150000,ក្រុង ពោធិ៍សាត់,Pousat,150500,សង្កាត់ ព្រៃញី,Sangkat Prey Nhi,150505
ខេត្ត ពោធិ៍សាត់,Pursat,150000,ក្រុង ពោធិ៍សាត់,Pousat,150500,សង្កាត់ រលាប,Sangkat Roleab,150506
ខេត្ត ពោធិ៍សាត់,Pursat,150000,ក្រុង ពោធិ៍សាត់,Pousat,150500,សង្កាត់ ស្វាយអាត,Sangkat Svay At,150507
ខេត្ត ពោធិ៍សាត់,Pursat,150000,ក្រុង ពោធិ៍សាត់,Pousat,150500,សង្កាត់ បន្ទាយដី,Sangkat Banteay Dei,150508
ខេត្ត ពោធិ៍សាត់,Pursat,150000,ស្រុក វាលវែង,Veal Veaeng,150600,ឃុំ អូរសោម,Ou Saom,150601
ខេត្ត ពោធិ៍សាត់,Pursat,150000,ស្រុក វាលវែង,Veal Veaeng,150600,ឃុំ ក្រពើពីរ,Krapeu Pir,150602
ខេត្ត ពោធិ៍សាត់,Pursat,150000,ស្រុក វាលវែង,Veal Veaeng,150600,ឃុំ អន្លង់រាប,Anlung Reab,150603
ខេត្ត ពោធិ៍សាត់,Pursat,150000,ស្រុក វាលវែង,Veal Veaeng,150600,ឃុំ ប្រម៉ោយ,Pramaoy,150604
ខេត្ត ពោធិ៍សាត់,Pursat,150000,ស្រុក វាលវែង,Veal Veaeng,150600,ឃុំ ថ្មដា,Thma Da,150605
ខេត្ត ពោធិ៍សាត់,Pursat,150000,ស្រុក តាលោសែនជ័យ,Ta Lou Saen Chey,150700,ឃុំ តាលោ,Ta Lou,150701
ខេត្ត ពោធិ៍សាត់,Pursat,150000,ស្រុក តាលោសែនជ័យ,Ta Lou Saen Chey,150700,ឃុំ ផ្ទះរុង,Phteah Rung,150702
ខេត្ត រតនគិរី,Ratanak Kiri,160000,ស្រុក អណ្តូងមាស,Andoung Meas,160100,ឃុំ ម៉ាលិក,Malik,160101
ខេត្ត រតនគិរី,Ratanak Kiri,160000,ស្រុក អណ្តូងមាស,Andoung Meas,160100,ឃុំ ញ៉ាង,Nhang,160103
ខេត្ត រតនគិរី,Ratanak Kiri,160000,ស្រុក អណ្តូងមាស,Andoung Meas,160100,ឃុំ តាឡាវ,Ta Lav,160104
ខេត្ត រតនគិរី,Ratanak Kiri,160000,ក្រុង បានលុង,Ban Lung,160200,សង្កាត់ កាចាញ,Sangkat Kachanh,160201
ខេត្ត រតនគិរី,Ratanak Kiri,160000,ក្រុង បានលុង,Ban Lung,160200,សង្កាត់ ឡាបានសៀក,Sangkat Labansiek,160202
ខេត្ត រតនគិរី,Ratanak Kiri,160000,ក្រុង បានលុង,Ban Lung,160200,សង្កាត់ យក្ខឡោម,Sangkat Yeak Laom,160203
ខេត្ត រតនគិរី,Ratanak Kiri,160000,ក្រុង បានលុង,Ban Lung,160200,សង្កាត់ បឹងកន្សែង,Sangkat Boeng Kansaeng,160204
ខេត្ត រតនគិរី,Ratanak Kiri,160000,ស្រុក បរកែវ,Bar Kaev,160300,ឃុំ កក់,Kak,160301
ខេត្ត រតនគិរី,Ratanak Kiri,160000,ស្រុក បរកែវ,Bar Kaev,160300,ឃុំ កិះចុង,Keh Chong,160302
ខេត្ត រតនគិរី,Ratanak Kiri,160000,ស្រុក បរកែវ,Bar Kaev,160300,ឃុំ ឡាមិញ,La Minh,160303
ខេត្ត រតនគិរី,Ratanak Kiri,160000,ស្រុក បរកែវ,Bar Kaev,160300,ឃុំ លុងឃុង,Lung Khung,160304
ខេត្ត រតនគិរី,Ratanak Kiri,160000,ស្រុក បរកែវ,Bar Kaev,160300,ឃុំ ស៊ើង,Seung,160305
ខេត្ត រតនគិរី,Ratanak Kiri,160000,ស្រុក បរកែវ,Bar Kaev,160300,ឃុំ ទីងចាក់,Ting Chak,160306
ខេត្ត រតនគិរី,Ratanak Kiri,160000,ស្រុក កូនមុំ,Koun Mom,160400,ឃុំ សិរីមង្គល,Serei Mangkul,160401
ខេត្ត រតនគិរី,Ratanak Kiri,160000,ស្រុក កូនមុំ,Koun Mom,160400,ឃុំ ស្រែអង្គ្រង,Srae Angkrong,160402
ខេត្ត រតនគិរី,Ratanak Kiri,160000,ស្រុក កូនមុំ,Koun Mom,160400,ឃុំ តាអង,Ta Ang,160403
ខេត្ត រតនគិរី,Ratanak Kiri,160000,ស្រុក កូនមុំ,Koun Mom,160400,ឃុំ តឺន,Teun,160404
ខេត្ត រតនគិរី,Ratanak Kiri,160000,ស្រុក កូនមុំ,Koun Mom,160400,ឃុំ ត្រពាំងច្រេស,Trapeang Chres,160405
ខេត្ត រតនគិរី,Ratanak Kiri,160000,ស្រុក កូនមុំ,Koun Mom,160400,ឃុំ ត្រពាំងក្រហម,Trapeang Kraham,160406
ខេត្ត រតនគិរី,Ratanak Kiri,160000,ស្រុក លំផាត់,Lumphat,160500,ឃុំ ជ័យឧត្តម,Chey Otdam,160501
ខេត្ត រតនគិរី,Ratanak Kiri,160000,ស្រុក លំផាត់,Lumphat,160500,ឃុំ កាឡែង,Ka Laeng,160502
ខេត្ត រតនគិរី,Ratanak Kiri,160000,ស្រុក លំផាត់,Lumphat,160500,ឃុំ ល្បាំង ១,Labang Muoy,160503
ខេត្ត រតនគិរី,Ratanak Kiri,160000,ស្រុក លំផាត់,Lumphat,160500,ឃុំ ល្បាំង ២,Lbang Pir,160504
ខេត្ត រតនគិរី,Ratanak Kiri,160000,ស្រុក លំផាត់,Lumphat,160500,ឃុំ បាតាង,Ba Tang,160505
ខេត្ត រតនគិរី,Ratanak Kiri,160000,ស្រុក លំផាត់,Lumphat,160500,ឃុំ សេដា,Seda,160506
ខេត្ត រតនគិរី,Ratanak Kiri,160000,ស្រុក អូរជុំ,Ou Chum,160600,ឃុំ ចាអ៊ុង,Cha Ung,160601
ខេត្ត រតនគិរី,Ratanak Kiri,160000,ស្រុក អូរជុំ,Ou Chum,160600,ឃុំ ប៉ូយ,Pouy,160602
ខេត្ត រតនគិរី,Ratanak Kiri,160000,ស្រុក អូរជុំ,Ou Chum,160600,ឃុំ ឯកភាព,Aekakpheap,160603
ខេត្ត រតនគិរី,Ratanak Kiri,160000,ស្រុក អូរជុំ,Ou Chum,160600,ឃុំ កាឡៃ,Kalai,160604
ខេត្ត រតនគិរី,Ratanak Kiri,160000,ស្រុក អូរជុំ,Ou Chum,160600,ឃុំ អូរជុំ,Ou Chum,160605
ខេត្ត រតនគិរី,Ratanak Kiri,160000,ស្រុក អូរជុំ,Ou Chum,160600,ឃុំ សាមគ្គី,Sammeakki,160606
ខេត្ត រតនគិរី,Ratanak Kiri,160000,ស្រុក អូរជុំ,Ou Chum,160600,ឃុំ ល្អក់,L'ak,160607
ខេត្ត រតនគិរី,Ratanak Kiri,160000,ស្រុក អូរយ៉ាដាវ,Ou Ya Dav,160700,ឃុំ បរខាំ,Bar Kham,160701
ខេត្ត រតនគិរី,Ratanak Kiri,160000,ស្រុក អូរយ៉ាដាវ,Ou Ya Dav,160700,ឃុំ លំជ័រ,Lum Choar,160702
ខេត្ត រតនគិរី,Ratanak Kiri,160000,ស្រុក អូរយ៉ាដាវ,Ou Ya Dav,160700,ឃុំ ប៉ក់ញ៉ៃ,Pak Nhai,160703
ខេត្ត រតនគិរី,Ratanak Kiri,160000,ស្រុក អូរយ៉ាដាវ,Ou Ya Dav,160700,ឃុំ ប៉ាតេ,Pa Te,160704
ខេត្ត រតនគិរី,Ratanak Kiri,160000,ស្រុក អូរយ៉ាដាវ,Ou Ya Dav,160700,ឃុំ សេសាន,Sesan,160705
ខេត្ត រតនគិរី,Ratanak Kiri,160000,ស្រុក អូរយ៉ាដាវ,Ou Ya Dav,160700,ឃុំ សោមធំ,Saom Thum,160706
ខេត្ត រតនគិរី,Ratanak Kiri,160000,ស្រុក អូរយ៉ាដាវ,Ou Ya Dav,160700,ឃុំ យ៉ាទុង,Ya Tung,160707
ខេត្ត រតនគិរី,Ratanak Kiri,160000,ស្រុក តាវែង,Ta Veaeng,160800,ឃុំ តាវែងលើ,Ta Veaeng Leu,160801
ខេត្ត រតនគិរី,Ratanak Kiri,160000,ស្រុក តាវែង,Ta Veaeng,160800,ឃុំ តាវែងក្រោម,Ta Veaeng Kraom,160802
ខេត្ត រតនគិរី,Ratanak Kiri,160000,ស្រុក តាវែង,Ta Veaeng,160800,ស្រុក វើនសៃ,Veun Sai,160900
ខេត្ត រតនគិរី,Ratanak Kiri,160000,ស្រុក តាវែង,Ta Veaeng,160800,ឃុំ ប៉ុង,Pong,160901
ខេត្ត រតនគិរី,Ratanak Kiri,160000,ស្រុក តាវែង,Ta Veaeng,160800,ឃុំ ហាត់ប៉ក់,Hat Pak,160903
ខេត្ត រតនគិរី,Ratanak Kiri,160000,ស្រុក តាវែង,Ta Veaeng,160800,ឃុំ កាចូន,Ka Choun,160904
ខេត្ត រតនគិរី,Ratanak Kiri,160000,ស្រុក តាវែង,Ta Veaeng,160800,ឃុំ កោះប៉ង់,Kaoh Pang,160905
ខេត្ត រតនគិរី,Ratanak Kiri,160000,ស្រុក តាវែង,Ta Veaeng,160800,ឃុំ កោះពាក្យ,Kaoh Peak,160906
ខេត្ត រតនគិរី,Ratanak Kiri,160000,ស្រុក តាវែង,Ta Veaeng,160800,ឃុំ កុកឡាក់,Kok Lak,160907
ខេត្ត រតនគិរី,Ratanak Kiri,160000,ស្រុក តាវែង,Ta Veaeng,160800,ឃុំ ប៉ាកាឡាន់,Pa Kalan,160908
ខេត្ត រតនគិរី,Ratanak Kiri,160000,ស្រុក តាវែង,Ta Veaeng,160800,ឃុំ ភ្នំកុក,Phnum Kok,160909
ខេត្ត រតនគិរី,Ratanak Kiri,160000,ស្រុក តាវែង,Ta Veaeng,160800,ឃុំ វើនសៃ,Veun Sai,160910
ខេត្ត សៀមរាប,Siem Reap,170000,ស្រុក អង្គរជុំ,Angkor Chum,170100,ឃុំ ចារឈូក,Char Chhuk,170101
ខេត្ត សៀមរាប,Siem Reap,170000,ស្រុក អង្គរជុំ,Angkor Chum,170100,ឃុំ ដូនពេង,Doun Paeng,170102
ខេត្ត សៀមរាប,Siem Reap,170000,ស្រុក អង្គរជុំ,Angkor Chum,170100,ឃុំ គោកដូង,Kouk Doung,170103
ខេត្ត សៀមរាប,Siem Reap,170000,ស្រុក អង្គរជុំ,Angkor Chum,170100,ឃុំ គោល,Koul,170104
ខេត្ត សៀមរាប,Siem Reap,170000,ស្រុក អង្គរជុំ,Angkor Chum,170100,ឃុំ នគរភាស,Nokor Pheas,170105
ខេត្ត សៀមរាប,Siem Reap,170000,ស្រុក អង្គរជុំ,Angkor Chum,170100,ឃុំ ស្រែខ្វាវ,Srae Khvav,170106
ខេត្ត សៀមរាប,Siem Reap,170000,ស្រុក អង្គរជុំ,Angkor Chum,170100,ឃុំ តាសោម,Ta Saom,170107
ខេត្ត សៀមរាប,Siem Reap,170000,ស្រុក អង្គរធំ,Angkor Thum,170200,ឃុំ ជប់តាត្រាវ,Chub Ta Trav,170201
ខេត្ត សៀមរាប,Siem Reap,170000,ស្រុក អង្គរធំ,Angkor Thum,170200,ឃុំ លាងដៃ,Leang Dai,170202
ខេត្ត សៀមរាប,Siem Reap,170000,ស្រុក អង្គរធំ,Angkor Thum,170200,ឃុំ ពាក់ស្នែង,Peak Snaeng,170203
ខេត្ត សៀមរាប,Siem Reap,170000,ស្រុក អង្គរធំ,Angkor Thum,170200,ឃុំ ស្វាយចេក,Svay Chek,170204
ខេត្ត សៀមរាប,Siem Reap,170000,ស្រុក បន្ទាយស្រី,Banteay Srei,170300,ឃុំ ខ្នារសណ្តាយ,Khnar Sanday,170301
ខេត្ត សៀមរាប,Siem Reap,170000,ស្រុក បន្ទាយស្រី,Banteay Srei,170300,ឃុំ ឃុនរាម,Khun Ream,170302
ខេត្ត សៀមរាប,Siem Reap,170000,ស្រុក បន្ទាយស្រី,Banteay Srei,170300,ឃុំ ព្រះដាក់,Preah Dak,170303
ខេត្ត សៀមរាប,Siem Reap,170000,ស្រុក បន្ទាយស្រី,Banteay Srei,170300,ឃុំ រំចេក,Rumcheik,170304
ខេត្ត សៀមរាប,Siem Reap,170000,ស្រុក បន្ទាយស្រី,Banteay Srei,170300,ឃុំ ត្បែង,Tbaeng,170306
ខេត្ត សៀមរាប,Siem Reap,170000,ស្រុក ជីក្រែង,Chi Kraeng,170400,ឃុំ អន្លង់សំណរ,Anlung Samnar,170401
ខេត្ត សៀមរាប,Siem Reap,170000,ស្រុក ជីក្រែង,Chi Kraeng,170400,ឃុំ ជីក្រែង,Chi Kraeng,170402
ខេត្ត សៀមរាប,Siem Reap,170000,ស្រុក ជីក្រែង,Chi Kraeng,170400,ឃុំ កំពង់ក្តី,Kampong Kdei,170403
ខេត្ត សៀមរាប,Siem Reap,170000,ស្រុក ជីក្រែង,Chi Kraeng,170400,ឃុំ ខ្វាវ,Khvav,170404
ខេត្ត សៀមរាប,Siem Reap,170000,ស្រុក ជីក្រែង,Chi Kraeng,170400,ឃុំ គោកធ្លកក្រោម,Kouk Thlok Kraom,170405
ខេត្ត សៀមរាប,Siem Reap,170000,ស្រុក ជីក្រែង,Chi Kraeng,170400,ឃុំ គោកធ្លកលើ,Kouk Thlok Leu,170406
ខេត្ត សៀមរាប,Siem Reap,170000,ស្រុក ជីក្រែង,Chi Kraeng,170400,ឃុំ ល្វែងឫស្សី,Lveaeng Ruessei,170407
ខេត្ត សៀមរាប,Siem Reap,170000,ស្រុក ជីក្រែង,Chi Kraeng,170400,ឃុំ ពង្រក្រោម,Pungro Kraom,170408
ខេត្ត សៀមរាប,Siem Reap,170000,ស្រុក ជីក្រែង,Chi Kraeng,170400,ឃុំ ពង្រលើ,Pungro Leu,170409
ខេត្ត សៀមរាប,Siem Reap,170000,ស្រុក ជីក្រែង,Chi Kraeng,170400,ឃុំ ឫស្សីលក,Ruessei Lok,170410
ខេត្ត សៀមរាប,Siem Reap,170000,ស្រុក ជីក្រែង,Chi Kraeng,170400,ឃុំ សង្វើយ,Sangvaeuy,170411
ខេត្ត សៀមរាប,Siem Reap,170000,ស្រុក ជីក្រែង,Chi Kraeng,170400,ឃុំ ស្ពានត្នោត,Spean Tnaot,170412
ខេត្ត សៀមរាប,Siem Reap,170000,ស្រុក ក្រឡាញ់,Kralanh,170600,ឃុំ ចន្លាសដៃ,Chanleas Dai,170601
ខេត្ត សៀមរាប,Siem Reap,170000,ស្រុក ក្រឡាញ់,Kralanh,170600,ឃុំ កំពង់ថ្កូវ,Kampong Thkouv,170602
ខេត្ត សៀមរាប,Siem Reap,170000,ស្រុក ក្រឡាញ់,Kralanh,170600,ឃុំ ក្រឡាញ់,Kralanh,170603
ខេត្ត សៀមរាប,Siem Reap,170000,ស្រុក ក្រឡាញ់,Kralanh,170600,ឃុំ ក្រូចគរ,Krouch Kor,170604
ខេត្ត សៀមរាប,Siem Reap,170000,ស្រុក ក្រឡាញ់,Kralanh,170600,ឃុំ រោងគោ,Roung Kou,170605
ខេត្ត សៀមរាប,Siem Reap,170000,ស្រុក ក្រឡាញ់,Kralanh,170600,ឃុំ សំបួរ,Sambuor,170606
ខេត្ត សៀមរាប,Siem Reap,170000,ស្រុក ក្រឡាញ់,Kralanh,170600,ឃុំ សែនសុខ,Saen Sokh,170607
ខេត្ត សៀមរាប,Siem Reap,170000,ស្រុក ក្រឡាញ់,Kralanh,170600,ឃុំ ស្នួល,Snuol,170608
ខេត្ត សៀមរាប,Siem Reap,170000,ស្រុក ក្រឡាញ់,Kralanh,170600,ឃុំ ស្រណាល,Sranal,170609
ខេត្ត សៀមរាប,Siem Reap,170000,ស្រុក ក្រឡាញ់,Kralanh,170600,ឃុំ តាអាន,Ta An,170610
ខេត្ត សៀមរាប,Siem Reap,170000,ស្រុក ពួក,Puok,170700,ឃុំ សសរស្តម្ភ,Sasar Sdam,170701
ខេត្ត សៀមរាប,Siem Reap,170000,ស្រុក ពួក,Puok,170700,ឃុំ ដូនកែវ,Doun Kaev,170702
ខេត្ត សៀមរាប,Siem Reap,170000,ស្រុក ពួក,Puok,170700,ឃុំ ក្តីរុន,Kdei Run,170703
ខេត្ត សៀមរាប,Siem Reap,170000,ស្រុក ពួក,Puok,170700,ឃុំ កែវពណ៌,Kaev Poar,170704
ខេត្ត សៀមរាប,Siem Reap,170000,ស្រុក ពួក,Puok,170700,ឃុំ ខ្នាត,Khnat,170705
ខេត្ត សៀមរាប,Siem Reap,170000,ស្រុក ពួក,Puok,170700,ឃុំ ល្វា,Lvea,170707
ខេត្ត សៀមរាប,Siem Reap,170000,ស្រុក ពួក,Puok,170700,ឃុំ មុខប៉ែន,Mukh Paen,170708
ខេត្ត សៀមរាប,Siem Reap,170000,ស្រុក ពួក,Puok,170700,ឃុំ ពោធិ៍ទ្រាយ,Pou Treay,170709
ខេត្ត សៀមរាប,Siem Reap,170000,ស្រុក ពួក,Puok,170700,ឃុំ ពួក,Puok,170710
ខេត្ត សៀមរាប,Siem Reap,170000,ស្រុក ពួក,Puok,170700,ឃុំ ព្រៃជ្រូក,Prey Chruk,170711
ខេត្ត សៀមរាប,Siem Reap,170000,ស្រុក ពួក,Puok,170700,ឃុំ រើល,Reul,170712
ខេត្ត សៀមរាប,Siem Reap,170000,ស្រុក ពួក,Puok,170700,ឃុំ សំរោងយា,Samraong Yea,170713
ខេត្ត សៀមរាប,Siem Reap,170000,ស្រុក ពួក,Puok,170700,ឃុំ ត្រីញ័រ,Trei Nhoar,170715
ខេត្ត សៀមរាប,Siem Reap,170000,ស្រុក ពួក,Puok,170700,ឃុំ យាង,Yeang,170716
ខេត្ត សៀមរាប,Siem Reap,170000,ស្រុក ប្រាសាទបាគង,Prasat Bakong,170900,ឃុំ បាគង,Bakong,170902
ខេត្ត សៀមរាប,Siem Reap,170000,ស្រុក ប្រាសាទបាគង,Prasat Bakong,170900,ឃុំ កំពង់ភ្លុក,Kampong Phluk,170904
ខេត្ត សៀមរាប,Siem Reap,170000,ស្រុក ប្រាសាទបាគង,Prasat Bakong,170900,ឃុំ កន្ទ្រាំង,Kantreang,170905
ខេត្ត សៀមរាប,Siem Reap,170000,ស្រុក ប្រាសាទបាគង,Prasat Bakong,170900,ឃុំ កណ្តែក,Kandaek,170906
ខេត្ត សៀមរាប,Siem Reap,170000,ស្រុក ប្រាសាទបាគង,Prasat Bakong,170900,ឃុំ មានជ័យ,Mean Chey,170907
ខេត្ត សៀមរាប,Siem Reap,170000,ស្រុក ប្រាសាទបាគង,Prasat Bakong,170900,ឃុំ រលួស,Roluos,170908
ខេត្ត សៀមរាប,Siem Reap,170000,ស្រុក ប្រាសាទបាគង,Prasat Bakong,170900,ឃុំ ត្រពាំងធំ,Trapeang Thum,170909
ខេត្ត សៀមរាប,Siem Reap,170000,ស្រុក ប្រាសាទបាគង,Prasat Bakong,170900,ឃុំ អំពិល,Ampil,170910
ខេត្ត សៀមរាប,Siem Reap,170000,ក្រុង សៀមរាប,Siem Reap,171000,សង្កាត់ ស្លាក្រាម,Sangkat Sla Kram,171001
ខេត្ត សៀមរាប,Siem Reap,170000,ក្រុង សៀមរាប,Siem Reap,171000,សង្កាត់ ស្វាយដង្គំ,Sangkat Svay Dankum,171002
ខេត្ត សៀមរាប,Siem Reap,170000,ក្រុង សៀមរាប,Siem Reap,171000,សង្កាត់ គោកចក,Sangkat Kouk Chak,171003
ខេត្ត សៀមរាប,Siem Reap,170000,ក្រុង សៀមរាប,Siem Reap,171000,សង្កាត់ សាលាកំរើក,Sangkat Sala Kamraeuk,171004
ខេត្ត សៀមរាប,Siem Reap,170000,ក្រុង សៀមរាប,Siem Reap,171000,សង្កាត់ នគរធំ,Sangkat Nokor Thum,171005
ខេត្ត សៀមរាប,Siem Reap,170000,ក្រុង សៀមរាប,Siem Reap,171000,សង្កាត់ ជ្រាវ,Sangkat Chreav,171006
ខេត្ត សៀមរាប,Siem Reap,170000,ក្រុង សៀមរាប,Siem Reap,171000,សង្កាត់ ចុងឃ្នៀស,Sangkat Chong Khnies,171007
ខេត្ត សៀមរាប,Siem Reap,170000,ក្រុង សៀមរាប,Siem Reap,171000,សង្កាត់ សំបួរ,Sangkat Sambuor,171008
ខេត្ត សៀមរាប,Siem Reap,170000,ក្រុង សៀមរាប,Siem Reap,171000,សង្កាត់ សៀមរាប,Sangkat Siem Reap,171009
ខេត្ត សៀមរាប,Siem Reap,170000,ក្រុង សៀមរាប,Siem Reap,171000,សង្កាត់ ស្រង៉ែ,Sangkat Srangae,171010
ខេត្ត សៀមរាប,Siem Reap,170000,ក្រុង សៀមរាប,Siem Reap,171000,សង្កាត់ ក្របីរៀល,Sangkat Krabei Riel,171012
ខេត្ត សៀមរាប,Siem Reap,170000,ក្រុង សៀមរាប,Siem Reap,171000,សង្កាត់ ទឹកវិល,Sangkat Tuek Vil,171013
ខេត្ត សៀមរាប,Siem Reap,170000,ស្រុក សូទ្រនិគម,Sout Nikum,171100,ឃុំ ចាន់ស,Chan Sa,171101
ខេត្ត សៀមរាប,Siem Reap,170000,ស្រុក សូទ្រនិគម,Sout Nikum,171100,ឃុំ ដំដែក,Dam Daek,171102
ខេត្ត សៀមរាប,Siem Reap,170000,ស្រុក សូទ្រនិគម,Sout Nikum,171100,ឃុំ ដានរុន,Dan Run,171103
ខេត្ត សៀមរាប,Siem Reap,170000,ស្រុក សូទ្រនិគម,Sout Nikum,171100,ឃុំ កំពង់ឃ្លាំង,Kampong Khleang,171104
ខេត្ត សៀមរាប,Siem Reap,170000,ស្រុក សូទ្រនិគម,Sout Nikum,171100,ឃុំ កៀនសង្កែ,Kien Sangkae,171105
ខេត្ត សៀមរាប,Siem Reap,170000,ស្រុក សូទ្រនិគម,Sout Nikum,171100,ឃុំ ខ្ចាស់,Khchas,171106
ខេត្ត សៀមរាប,Siem Reap,170000,ស្រុក សូទ្រនិគម,Sout Nikum,171100,ឃុំ ខ្នារពោធិ៍,Khnar Pou,171107
ខេត្ត សៀមរាប,Siem Reap,170000,ស្រុក សូទ្រនិគម,Sout Nikum,171100,ឃុំ ពពេល,Popel,171108
ខេត្ត សៀមរាប,Siem Reap,170000,ស្រុក សូទ្រនិគម,Sout Nikum,171100,ឃុំ សំរោង,Samraong,171109
ខេត្ត សៀមរាប,Siem Reap,170000,ស្រុក សូទ្រនិគម,Sout Nikum,171100,ឃុំ តាយ៉ែក,Ta Yaek,171110
ខេត្ត សៀមរាប,Siem Reap,170000,ស្រុក ស្រីស្នំ,Srei Snam,171200,ឃុំ ជ្រោយនាងងួន,Chrouy Neang Nguon,171201
ខេត្ត សៀមរាប,Siem Reap,170000,ស្រុក ស្រីស្នំ,Srei Snam,171200,ឃុំ ក្លាំងហាយ,Klang Hay,171202
ខេត្ត សៀមរាប,Siem Reap,170000,ស្រុក ស្រីស្នំ,Srei Snam,171200,ឃុំ ត្រាំសសរ,Tram Sasar,171203
ខេត្ត សៀមរាប,Siem Reap,170000,ស្រុក ស្រីស្នំ,Srei Snam,171200,ឃុំ មោង,Moung,171204
ខេត្ត សៀមរាប,Siem Reap,170000,ស្រុក ស្រីស្នំ,Srei Snam,171200,ឃុំ ប្រីយ៍,Prei,171205
ខេត្ត សៀមរាប,Siem Reap,170000,ស្រុក ស្រីស្នំ,Srei Snam,171200,ឃុំ ស្លែងស្ពាន,Slaeng Spean,171206
ខេត្ត សៀមរាប,Siem Reap,170000,ស្រុក ស្វាយលើ,Svay Leu,171300,ឃុំ បឹងមាលា,Boeng Mealea,171301
ខេត្ត សៀមរាប,Siem Reap,170000,ស្រុក ស្វាយលើ,Svay Leu,171300,ឃុំ កន្ទួត,Kantuot,171302
ខេត្ត សៀមរាប,Siem Reap,170000,ស្រុក ស្វាយលើ,Svay Leu,171300,ឃុំ ខ្នងភ្នំ,Khnang Phnum,171303
ខេត្ត សៀមរាប,Siem Reap,170000,ស្រុក ស្វាយលើ,Svay Leu,171300,ឃុំ ស្វាយលើ,Svay Leu,171304
ខេត្ត សៀមរាប,Siem Reap,170000,ស្រុក ស្វាយលើ,Svay Leu,171300,ឃុំ តាសៀម,Ta Siem,171305
ខេត្ត សៀមរាប,Siem Reap,170000,ស្រុក ស្វាយលើ,Svay Leu,171300,ស្រុក វ៉ារិន,Varin,171400
ខេត្ត សៀមរាប,Siem Reap,170000,ស្រុក ស្វាយលើ,Svay Leu,171300,ឃុំ ប្រាសាទ,Prasat,171401
ខេត្ត សៀមរាប,Siem Reap,170000,ស្រុក ស្វាយលើ,Svay Leu,171300,ឃុំ ល្វាក្រាំង,Lvea Krang,171402
ខេត្ត សៀមរាប,Siem Reap,170000,ស្រុក ស្វាយលើ,Svay Leu,171300,ឃុំ ស្រែណូយ,Srae Nouy,171403
ខេត្ត សៀមរាប,Siem Reap,170000,ស្រុក ស្វាយលើ,Svay Leu,171300,ឃុំ ស្វាយ ស,Svay Sa,171404
ខេត្ត សៀមរាប,Siem Reap,170000,ស្រុក ស្វាយលើ,Svay Leu,171300,ឃុំ វ៉ារិន,Varin,171405
ខេត្ត សៀមរាប,Siem Reap,170000,ស្រុក ស្វាយលើ,Svay Leu,171300,ក្រុង រុនតាឯកតេជោសែន,Run Ta Aek Techou Saen,171500
ខេត្ត សៀមរាប,Siem Reap,170000,ស្រុក ស្វាយលើ,Svay Leu,171300,សង្កាត់ រុនតាឯក,Sangkat Run Ta Aek,171501
ខេត្ត សៀមរាប,Siem Reap,170000,ស្រុក ស្វាយលើ,Svay Leu,171300,សង្កាត់ បល្ល័ង្ក,Sangkat Ballang,171502
ខេត្ត ព្រះសីហនុ,Sihanoukville,180000,ក្រុង ព្រះសីហនុ,Preah Sihanouk,180100,សង្កាត់ លេខ ១,Sangkat Lekh Muoy,180101
ខេត្ត ព្រះសីហនុ,Sihanoukville,180000,ក្រុង ព្រះសីហនុ,Preah Sihanouk,180100,សង្កាត់ លេខ ២,Sangkat Lekh Pir,180102
ខេត្ត ព្រះសីហនុ,Sihanoukville,180000,ក្រុង ព្រះសីហនុ,Preah Sihanouk,180100,សង្កាត់ លេខ ៣,Sangkat Lekh Bei,180103
ខេត្ត ព្រះសីហនុ,Sihanoukville,180000,ក្រុង ព្រះសីហនុ,Preah Sihanouk,180100,សង្កាត់ លេខ ៤,Sangkat Lekh Buon,180104
ខេត្ត ព្រះសីហនុ,Sihanoukville,180000,ស្រុក ព្រៃនប់,Prey Nub,180200,ឃុំ អណ្តូងថ្ម,Andoung Thma,180201
ខេត្ត ព្រះសីហនុ,Sihanoukville,180000,ស្រុក ព្រៃនប់,Prey Nub,180200,ឃុំ ជើងគោ,Cheung Kou,180204
ខេត្ត ព្រះសីហនុ,Sihanoukville,180000,ស្រុក ព្រៃនប់,Prey Nub,180200,ឃុំ ព្រៃនប់,Prey Nub,180207
ខេត្ត ព្រះសីហនុ,Sihanoukville,180000,ស្រុក ព្រៃនប់,Prey Nub,180200,ឃុំ សាមគ្គី,Sammeakki,180209
ខេត្ត ព្រះសីហនុ,Sihanoukville,180000,ស្រុក ព្រៃនប់,Prey Nub,180200,ឃុំ សំរុង,Samrong,180210
ខេត្ត ព្រះសីហនុ,Sihanoukville,180000,ស្រុក ព្រៃនប់,Prey Nub,180200,ឃុំ ទឹកល្អក់,Tuek L'ak,180211
ខេត្ត ព្រះសីហនុ,Sihanoukville,180000,ស្រុក ព្រៃនប់,Prey Nub,180200,ឃុំ ទឹកថ្លា,Tuek Thla,180212
ខេត្ត ព្រះសីហនុ,Sihanoukville,180000,ស្រុក ព្រៃនប់,Prey Nub,180200,ឃុំ ទួលទទឹង,Tuol Totueng,180213
ខេត្ត ព្រះសីហនុ,Sihanoukville,180000,ស្រុក ព្រៃនប់,Prey Nub,180200,ឃុំ វាលរិញ,Veal Renh,180214
ខេត្ត ព្រះសីហនុ,Sihanoukville,180000,ស្រុក ព្រៃនប់,Prey Nub,180200,ឃុំ តានៃ,Ta Ney,180215
ខេត្ត ព្រះសីហនុ,Sihanoukville,180000,ស្រុក ស្ទឹងហាវ,Stueng Hav,180300,ឃុំ កំពញ,Kampenh,180301
ខេត្ត ព្រះសីហនុ,Sihanoukville,180000,ស្រុក ស្ទឹងហាវ,Stueng Hav,180300,ឃុំ អូរត្រេះ,Ou Treh,180302
ខេត្ត ព្រះសីហនុ,Sihanoukville,180000,ស្រុក ស្ទឹងហាវ,Stueng Hav,180300,ឃុំ ទំនប់រលក,Tumnub Rolok,180303
ខេត្ត ព្រះសីហនុ,Sihanoukville,180000,ស្រុក ស្ទឹងហាវ,Stueng Hav,180300,ឃុំ កែវផុស,Kaev Phos,180304
ខេត្ត ព្រះសីហនុ,Sihanoukville,180000,ស្រុក កំពង់សីលា,Kampong Seila,180400,ឃុំ ចំការហ្លួង,Chamkar Luong,180401
ខេត្ត ព្រះសីហនុ,Sihanoukville,180000,ស្រុក កំពង់សីលា,Kampong Seila,180400,ឃុំ កំពង់សីលា,Kampong Seila,180402
ខេត្ត ព្រះសីហនុ,Sihanoukville,180000,ស្រុក កំពង់សីលា,Kampong Seila,180400,ឃុំ អូរបាក់រទេះ,Ou Bak Roteh,180403
ខេត្ត ព្រះសីហនុ,Sihanoukville,180000,ស្រុក កំពង់សីលា,Kampong Seila,180400,ឃុំ ស្ទឹងឆាយ,Stueng Chhay,180404
ខេត្ត ព្រះសីហនុ,Sihanoukville,180000,ក្រុង កោះរ៉ុង,Kaoh Rong,180500,សង្កាត់ កោះរ៉ុង,Sangkat Kaoh Rong,180501
ខេត្ត ព្រះសីហនុ,Sihanoukville,180000,ក្រុង កោះរ៉ុង,Kaoh Rong,180500,សង្កាត់ កោះរ៉ុងសន្លឹម,Sangkat Kaoh Rong Sanloem,180502
ខេត្ត ព្រះសីហនុ,Sihanoukville,180000,ក្រុង កំពង់សោម,Kampong Saom,180600,សង្កាត់ បឹងតាព្រហ្ម,Sangkat Boeng Ta Prum,180601
ខេត្ត ព្រះសីហនុ,Sihanoukville,180000,ក្រុង កំពង់សោម,Kampong Saom,180600,សង្កាត់ បិតត្រាំង,Sangkat Bet Trang,180602
ខេត្ត ព្រះសីហនុ,Sihanoukville,180000,ក្រុង កំពង់សោម,Kampong Saom,180600,សង្កាត់ អូរជ្រៅ,Sangkat Ou Chrov,180603
ខេត្ត ព្រះសីហនុ,Sihanoukville,180000,ក្រុង កំពង់សោម,Kampong Saom,180600,សង្កាត់ អូរឧកញ៉ាហេង,Sangkat Ou Oknha Heng,180604
ខេត្ត ព្រះសីហនុ,Sihanoukville,180000,ក្រុង កំពង់សោម,Kampong Saom,180600,សង្កាត់ រាម,Sangkat Ream,180605
ខេត្ត ព្រះសីហនុ,Sihanoukville,180000,ខេត្ត ស្ទឹងត្រែង,Stung Treng,190000,ស្រុក សេសាន,Sesan,190100
ខេត្ត ព្រះសីហនុ,Sihanoukville,180000,ខេត្ត ស្ទឹងត្រែង,Stung Treng,190000,ឃុំ កំភុន,Kamphun,190101
ខេត្ត ព្រះសីហនុ,Sihanoukville,180000,ខេត្ត ស្ទឹងត្រែង,Stung Treng,190000,ឃុំ ក្បាលរមាស,Kbal Romeas,190102
ខេត្ត ព្រះសីហនុ,Sihanoukville,180000,ខេត្ត ស្ទឹងត្រែង,Stung Treng,190000,ឃុំ ភ្លុក,Phluk,190103
ខេត្ត ព្រះសីហនុ,Sihanoukville,180000,ខេត្ត ស្ទឹងត្រែង,Stung Treng,190000,ឃុំ សាមឃួយ,Samkhuoy,190104
ខេត្ត ព្រះសីហនុ,Sihanoukville,180000,ខេត្ត ស្ទឹងត្រែង,Stung Treng,190000,ឃុំ ស្ដៅ,Sdau,190105
ខេត្ត ព្រះសីហនុ,Sihanoukville,180000,ខេត្ត ស្ទឹងត្រែង,Stung Treng,190000,ឃុំ ស្រែគរ,Srae Kor,190106
ខេត្ត ព្រះសីហនុ,Sihanoukville,180000,ខេត្ត ស្ទឹងត្រែង,Stung Treng,190000,ឃុំ តាឡាត,Ta Lat,190107
ខេត្ត ព្រះសីហនុ,Sihanoukville,180000,ស្រុក សៀមបូក,Siem Bouk,190200,ឃុំ កោះព្រះ,Kaoh Preah,190201
ខេត្ត ព្រះសីហនុ,Sihanoukville,180000,ស្រុក សៀមបូក,Siem Bouk,190200,ឃុំ កោះសំពាយ,Kaoh Sampeay,190202
ខេត្ត ព្រះសីហនុ,Sihanoukville,180000,ស្រុក សៀមបូក,Siem Bouk,190200,ឃុំ កោះស្រឡាយ,Kaoh Sralay,190203
ខេត្ត ព្រះសីហនុ,Sihanoukville,180000,ស្រុក សៀមបូក,Siem Bouk,190200,ឃុំ អូរម្រះ,Ou Mreah,190204
ខេត្ត ព្រះសីហនុ,Sihanoukville,180000,ស្រុក សៀមបូក,Siem Bouk,190200,ឃុំ អូរឫស្សីកណ្តាល,Ou Ruessei Kandal,190205
ខេត្ត ព្រះសីហនុ,Sihanoukville,180000,ស្រុក សៀមបូក,Siem Bouk,190200,ឃុំ សៀមបូក,Siem Bouk,190206
ខេត្ត ព្រះសីហនុ,Sihanoukville,180000,ស្រុក សៀមបូក,Siem Bouk,190200,ឃុំ ស្រែក្រសាំង,Srae Krasang,190207
ខេត្ត ព្រះសីហនុ,Sihanoukville,180000,ស្រុក សៀមប៉ាង,Siem Pang,190300,ឃុំ ព្រែកមាស,Preaek Meas,190301
ខេត្ត ព្រះសីហនុ,Sihanoukville,180000,ស្រុក សៀមប៉ាង,Siem Pang,190300,ឃុំ សេកុង,Sekong,190302
ខេត្ត ព្រះសីហនុ,Sihanoukville,180000,ស្រុក សៀមប៉ាង,Siem Pang,190300,ឃុំ សន្តិភាព,Santepheap,190303
ខេត្ត ព្រះសីហនុ,Sihanoukville,180000,ស្រុក សៀមប៉ាង,Siem Pang,190300,ឃុំ ស្រែសំបូរ,Srae Sambour,190304
ខេត្ត ព្រះសីហនុ,Sihanoukville,180000,ស្រុក សៀមប៉ាង,Siem Pang,190300,ឃុំ ថ្មកែវ,Thma Kaev,190305
ខេត្ត ព្រះសីហនុ,Sihanoukville,180000,ក្រុង ស្ទឹងត្រែង,Stueng Traeng,190400,សង្កាត់ ស្ទឹងត្រែង,Sangkat Stueng Traeng,190401
ខេត្ត ព្រះសីហនុ,Sihanoukville,180000,ក្រុង ស្ទឹងត្រែង,Stueng Traeng,190400,សង្កាត់ ស្រះឫស្សី,Sangkat Srah Ruessei,190402
ខេត្ត ព្រះសីហនុ,Sihanoukville,180000,ក្រុង ស្ទឹងត្រែង,Stueng Traeng,190400,សង្កាត់ ព្រះបាទ,Sangkat Preah Bat,190403
ខេត្ត ព្រះសីហនុ,Sihanoukville,180000,ក្រុង ស្ទឹងត្រែង,Stueng Traeng,190400,សង្កាត់ សាមគ្គី,Sangkat Sameakki,190404
ខេត្ត ព្រះសីហនុ,Sihanoukville,180000,ស្រុក ថាឡាបរិវ៉ាត់,Thala Barivat,190500,ឃុំ អន្លង់ភេ,Anlung Phe,190501
ខេត្ត ព្រះសីហនុ,Sihanoukville,180000,ស្រុក ថាឡាបរិវ៉ាត់,Thala Barivat,190500,ឃុំ ចំការលើ,Chamkar Leu,190502
ខេត្ត ព្រះសីហនុ,Sihanoukville,180000,ស្រុក ថាឡាបរិវ៉ាត់,Thala Barivat,190500,ឃុំ កាំងចាម,Kang Cham,190503
ខេត្ត ព្រះសីហនុ,Sihanoukville,180000,ស្រុក ថាឡាបរិវ៉ាត់,Thala Barivat,190500,ឃុំ អន្លង់ជ្រៃ,Anlung Chrey,190505
ខេត្ត ព្រះសីហនុ,Sihanoukville,180000,ស្រុក ថាឡាបរិវ៉ាត់,Thala Barivat,190500,ឃុំ អូររ៉ៃ,Ou Rai,190506
ខេត្ត ព្រះសីហនុ,Sihanoukville,180000,ស្រុក ថាឡាបរិវ៉ាត់,Thala Barivat,190500,ឃុំ សំអាង,Sam Ang,190509
ខេត្ត ព្រះសីហនុ,Sihanoukville,180000,ស្រុក ថាឡាបរិវ៉ាត់,Thala Barivat,190500,ឃុំ ស្រះឫស្សី,Srae Ruessei,190510
ខេត្ត ព្រះសីហនុ,Sihanoukville,180000,ស្រុក ថាឡាបរិវ៉ាត់,Thala Barivat,190500,ឃុំ ថាឡាបរិវ៉ាត់,Thala Barivat,190511
ខេត្ត ព្រះសីហនុ,Sihanoukville,180000,ស្រុក បុរីអូរស្វាយសែនជ័យ,Borei Ou Svay Saen Chey,190600,ឃុំ អូរស្វាយ,Ou Svay,190601
ខេត្ត ព្រះសីហនុ,Sihanoukville,180000,ស្រុក បុរីអូរស្វាយសែនជ័យ,Borei Ou Svay Saen Chey,190600,ឃុំ កោះស្នែង,Kaoh Snaeng,190602
ខេត្ត ព្រះសីហនុ,Sihanoukville,180000,ស្រុក បុរីអូរស្វាយសែនជ័យ,Borei Ou Svay Saen Chey,190600,ឃុំ ព្រះរំកិល,Preah Rumkel,190603
ខេត្ត ស្វាយរៀង,Svay Rieng,200000,ស្រុក ចន្ទ្រា,Chantrea,200100,ឃុំ ចន្ទ្រា,Chantrea,200103
ខេត្ត ស្វាយរៀង,Svay Rieng,200000,ស្រុក ចន្ទ្រា,Chantrea,200100,ឃុំ ច្រេស,Chres,200104
ខេត្ត ស្វាយរៀង,Svay Rieng,200000,ស្រុក ចន្ទ្រា,Chantrea,200100,ឃុំ មេ សរថ្ងក,Me Sar Thngak,200105
ខេត្ត ស្វាយរៀង,Svay Rieng,200000,ស្រុក ចន្ទ្រា,Chantrea,200100,ឃុំ ព្រៃគគីរ,Prey Kokir,200108
ខេត្ត ស្វាយរៀង,Svay Rieng,200000,ស្រុក ចន្ទ្រា,Chantrea,200100,ឃុំ សំរោង,Samraong,200109
ខេត្ត ស្វាយរៀង,Svay Rieng,200000,ស្រុក ចន្ទ្រា,Chantrea,200100,ឃុំ ទួលស្ដី,Tuol Sdei,200110
ខេត្ត ស្វាយរៀង,Svay Rieng,200000,ស្រុក កំពង់រោទ៍,Kampong Rou,200200,ឃុំ បន្ទាយក្រាំង,Banteay Krang,200201
ខេត្ត ស្វាយរៀង,Svay Rieng,200000,ស្រុក កំពង់រោទ៍,Kampong Rou,200200,ឃុំ ញរ,Nhor,200202
ខេត្ត ស្វាយរៀង,Svay Rieng,200000,ស្រុក កំពង់រោទ៍,Kampong Rou,200200,ឃុំ ខ្សែត្រ,Khsaet,200203
ខេត្ត ស្វាយរៀង,Svay Rieng,200000,ស្រុក កំពង់រោទ៍,Kampong Rou,200200,ឃុំ ព្រះពន្លា,Preah Punlea,200204
ខេត្ត ស្វាយរៀង,Svay Rieng,200000,ស្រុក កំពង់រោទ៍,Kampong Rou,200200,ឃុំ ព្រៃធំ,Prey Thum,200205
ខេត្ត ស្វាយរៀង,Svay Rieng,200000,ស្រុក កំពង់រោទ៍,Kampong Rou,200200,ឃុំ រាជមន្ទីរ,Reach Munti,200206
ខេត្ត ស្វាយរៀង,Svay Rieng,200000,ស្រុក កំពង់រោទ៍,Kampong Rou,200200,ឃុំ សំឡី,Samlei,200207
ខេត្ត ស្វាយរៀង,Svay Rieng,200000,ស្រុក កំពង់រោទ៍,Kampong Rou,200200,ឃុំ សំយ៉ោង,Samyaong,200208
ខេត្ត ស្វាយរៀង,Svay Rieng,200000,ស្រុក កំពង់រោទ៍,Kampong Rou,200200,ឃុំ ស្វាយតាយាន,Svay Ta Yean,200209
ខេត្ត ស្វាយរៀង,Svay Rieng,200000,ស្រុក កំពង់រោទ៍,Kampong Rou,200200,ឃុំ ថ្មី,Thmei,200211
ខេត្ត ស្វាយរៀង,Svay Rieng,200000,ស្រុក កំពង់រោទ៍,Kampong Rou,200200,ឃុំ ត្នោត,Tnaot,200212
ខេត្ត ស្វាយរៀង,Svay Rieng,200000,ស្រុក រំដួល,Rumduol,200300,ឃុំ បុសមន,Bos Mon,200301
ខេត្ត ស្វាយរៀង,Svay Rieng,200000,ស្រុក រំដួល,Rumduol,200300,ឃុំ ធ្មា,Thmea,200302
ខេត្ត ស្វាយរៀង,Svay Rieng,200000,ស្រុក រំដួល,Rumduol,200300,ឃុំ កំពង់ចក,Kampong Chak,200303
ខេត្ត ស្វាយរៀង,Svay Rieng,200000,ស្រុក រំដួល,Rumduol,200300,ឃុំ ជ្រុងពពេល,Chrung Popel,200304
ខេត្ត ស្វាយរៀង,Svay Rieng,200000,ស្រុក រំដួល,Rumduol,200300,ឃុំ កំពង់អំពិល,Kampong Ampil,200305
ខេត្ត ស្វាយរៀង,Svay Rieng,200000,ស្រុក រំដួល,Rumduol,200300,ឃុំ ម៉ឺនជ័យ,Meun Chey,200306
ខេត្ត ស្វាយរៀង,Svay Rieng,200000,ស្រុក រំដួល,Rumduol,200300,ឃុំ ពងទឹក,Pong Tuek,200307
ខេត្ត ស្វាយរៀង,Svay Rieng,200000,ស្រុក រំដួល,Rumduol,200300,ឃុំ សង្កែ,Sangkae,200308
ខេត្ត ស្វាយរៀង,Svay Rieng,200000,ស្រុក រំដួល,Rumduol,200300,ឃុំ ស្វាយចេក,Svay Chek,200309
ខេត្ត ស្វាយរៀង,Svay Rieng,200000,ស្រុក រំដួល,Rumduol,200300,ឃុំ ថ្នាធ្នង់,Thna Thnung,200310
ខេត្ត ស្វាយរៀង,Svay Rieng,200000,ស្រុក រមាសហែក,Romeas Haek,200400,ឃុំ អំពិល,Ampil,200401
ខេត្ត ស្វាយរៀង,Svay Rieng,200000,ស្រុក រមាសហែក,Romeas Haek,200400,ឃុំ អណ្តូងពោធិ៍,Andoung Pou,200402
ខេត្ត ស្វាយរៀង,Svay Rieng,200000,ស្រុក រមាសហែក,Romeas Haek,200400,ឃុំ អណ្តូងត្របែក,Andoung Trabaek,200403
ខេត្ត ស្វាយរៀង,Svay Rieng,200000,ស្រុក រមាសហែក,Romeas Haek,200400,ឃុំ អង្គប្រស្រែ,Ang Prasrae,200404
ខេត្ត ស្វាយរៀង,Svay Rieng,200000,ស្រុក រមាសហែក,Romeas Haek,200400,ឃុំ ចន្ត្រី,Chantrei,200405
ខេត្ត ស្វាយរៀង,Svay Rieng,200000,ស្រុក រមាសហែក,Romeas Haek,200400,ឃុំ ជ្រៃធំ,Chrey Thum,200406
ខេត្ត ស្វាយរៀង,Svay Rieng,200000,ស្រុក រមាសហែក,Romeas Haek,200400,ឃុំ ដូង,Doung,200407
ខេត្ត ស្វាយរៀង,Svay Rieng,200000,ស្រុក រមាសហែក,Romeas Haek,200400,ឃុំ កំពង់ត្រាច,Kampong Trach,200408
ខេត្ត ស្វាយរៀង,Svay Rieng,200000,ស្រុក រមាសហែក,Romeas Haek,200400,ឃុំ គគីរ,Kokir,200409
ខេត្ត ស្វាយរៀង,Svay Rieng,200000,ស្រុក រមាសហែក,Romeas Haek,200400,ឃុំ ក្រសាំង,Krasang,200410
ខេត្ត ស្វាយរៀង,Svay Rieng,200000,ស្រុក រមាសហែក,Romeas Haek,200400,ឃុំ មុខដា,Mukh Da,200411
ខេត្ត ស្វាយរៀង,Svay Rieng,200000,ស្រុក រមាសហែក,Romeas Haek,200400,ឃុំ ម្រាម,Mream,200412
ខេត្ត ស្វាយរៀង,Svay Rieng,200000,ស្រុក រមាសហែក,Romeas Haek,200400,ឃុំ សំបួរ,Sambuor,200413
ខេត្ត ស្វាយរៀង,Svay Rieng,200000,ស្រុក រមាសហែក,Romeas Haek,200400,ឃុំ សម្បត្តិមានជ័យ,Sambat Mean Chey,200414
ខេត្ត ស្វាយរៀង,Svay Rieng,200000,ស្រុក រមាសហែក,Romeas Haek,200400,ឃុំ ត្រពាំងស្ដៅ,Trapeang Sdau,200416
ខេត្ត ស្វាយរៀង,Svay Rieng,200000,ស្រុក រមាសហែក,Romeas Haek,200400,ឃុំ ត្រស់,Tras,200417
ខេត្ត ស្វាយរៀង,Svay Rieng,200000,ស្រុក ស្វាយជ្រំ,Svay Chrum,200500,ឃុំ អង្គតាសូ,Ang Ta Sou,200501
ខេត្ត ស្វាយរៀង,Svay Rieng,200000,ស្រុក ស្វាយជ្រំ,Svay Chrum,200500,ឃុំ បាសាក់,Basak,200502
ខេត្ត ស្វាយរៀង,Svay Rieng,200000,ស្រុក ស្វាយជ្រំ,Svay Chrum,200500,ឃុំ ចំបក់,Chambak,200503
ខេត្ត ស្វាយរៀង,Svay Rieng,200000,ស្រុក ស្វាយជ្រំ,Svay Chrum,200500,ឃុំ កំពង់ចំឡង,Kampong Chamlang,200504
ខេត្ត ស្វាយរៀង,Svay Rieng,200000,ស្រុក ស្វាយជ្រំ,Svay Chrum,200500,ឃុំ តាសួស,Ta Suos,200505
ខេត្ត ស្វាយរៀង,Svay Rieng,200000,ស្រុក ស្វាយជ្រំ,Svay Chrum,200500,ឃុំ ឈើទាល,Chheu Teal,200507
ខេត្ត ស្វាយរៀង,Svay Rieng,200000,ស្រុក ស្វាយជ្រំ,Svay Chrum,200500,ឃុំ ដូនស,Doun Sa,200508
ខេត្ត ស្វាយរៀង,Svay Rieng,200000,ស្រុក ស្វាយជ្រំ,Svay Chrum,200500,ឃុំ គោកព្រីង,Kouk Pring,200509
ខេត្ត ស្វាយរៀង,Svay Rieng,200000,ស្រុក ស្វាយជ្រំ,Svay Chrum,200500,ឃុំ ក្រោលគោ,Kraol Kou,200510
ខេត្ត ស្វាយរៀង,Svay Rieng,200000,ស្រុក ស្វាយជ្រំ,Svay Chrum,200500,ឃុំ គ្រួស,Kruos,200511
ខេត្ត ស្វាយរៀង,Svay Rieng,200000,ស្រុក ស្វាយជ្រំ,Svay Chrum,200500,ឃុំ ពោធិរាជ,Pou Reach,200512
ខេត្ត ស្វាយរៀង,Svay Rieng,200000,ស្រុក ស្វាយជ្រំ,Svay Chrum,200500,ឃុំ ស្វាយអង្គ,Svay Ang,200513
ខេត្ត ស្វាយរៀង,Svay Rieng,200000,ស្រុក ស្វាយជ្រំ,Svay Chrum,200500,ឃុំ ស្វាយជ្រំ,Svay Chrum,200514
ខេត្ត ស្វាយរៀង,Svay Rieng,200000,ស្រុក ស្វាយជ្រំ,Svay Chrum,200500,ឃុំ ស្វាយធំ,Svay Thum,200515
ខេត្ត ស្វាយរៀង,Svay Rieng,200000,ស្រុក ស្វាយជ្រំ,Svay Chrum,200500,ឃុំ ស្វាយយា,Svay Yea,200516
ខេត្ត ស្វាយរៀង,Svay Rieng,200000,ស្រុក ស្វាយជ្រំ,Svay Chrum,200500,ឃុំ ធ្លក,Thlok,200517
ខេត្ត ស្វាយរៀង,Svay Rieng,200000,ក្រុង ស្វាយរៀង,Svay Rieng,200600,សង្កាត់ ស្វាយរៀង,Sangkat Svay Rieng,200601
ខេត្ត ស្វាយរៀង,Svay Rieng,200000,ក្រុង ស្វាយរៀង,Svay Rieng,200600,សង្កាត់ ព្រៃឆ្លាក់,Sangkat Prey Chhlak,200602
ខេត្ត ស្វាយរៀង,Svay Rieng,200000,ក្រុង ស្វាយរៀង,Svay Rieng,200600,សង្កាត់ គយត្របែក,Sangkat Koy Trabaek,200603
ខេត្ត ស្វាយរៀង,Svay Rieng,200000,ក្រុង ស្វាយរៀង,Svay Rieng,200600,សង្កាត់ ពោធិ៍តាហោ,Sangkat Pou Ta Hao,200604
ខេត្ត ស្វាយរៀង,Svay Rieng,200000,ក្រុង ស្វាយរៀង,Svay Rieng,200600,សង្កាត់ ចេក,Sangkat Chek,200605
ខេត្ត ស្វាយរៀង,Svay Rieng,200000,ក្រុង ស្វាយរៀង,Svay Rieng,200600,សង្កាត់ ស្វាយតឿ,Sangkat Svay Toea,200606
ខេត្ត ស្វាយរៀង,Svay Rieng,200000,ក្រុង ស្វាយរៀង,Svay Rieng,200600,សង្កាត់ សង្ឃ័រ,Sangkat Sangkhoar,200607
ខេត្ត ស្វាយរៀង,Svay Rieng,200000,ស្រុក ស្វាយទាប,Svay Teab,200700,ឃុំ គគីរសោម,Kokir Saom,200702
ខេត្ត ស្វាយរៀង,Svay Rieng,200000,ស្រុក ស្វាយទាប,Svay Teab,200700,ឃុំ កណ្តៀងរាយ,Kandieng Reay,200703
ខេត្ត ស្វាយរៀង,Svay Rieng,200000,ស្រុក ស្វាយទាប,Svay Teab,200700,ឃុំ មនោរម្យ,Meaknourum,200704
ខេត្ត ស្វាយរៀង,Svay Rieng,200000,ស្រុក ស្វាយទាប,Svay Teab,200700,ឃុំ ពពែត,Popeaet,200705
ខេត្ត ស្វាយរៀង,Svay Rieng,200000,ស្រុក ស្វាយទាប,Svay Teab,200700,ឃុំ ព្រៃតាអី,Prey Ta Ei,200706
ខេត្ត ស្វាយរៀង,Svay Rieng,200000,ស្រុក ស្វាយទាប,Svay Teab,200700,ឃុំ ប្រសូត្រ,Prasout,200707
ខេត្ត ស្វាយរៀង,Svay Rieng,200000,ស្រុក ស្វាយទាប,Svay Teab,200700,ឃុំ រមាំងថ្កោល,Romeang Thkaol,200708
ខេត្ត ស្វាយរៀង,Svay Rieng,200000,ស្រុក ស្វាយទាប,Svay Teab,200700,ឃុំ សំបួរ,Sambuor,200709
ខេត្ត ស្វាយរៀង,Svay Rieng,200000,ស្រុក ស្វាយទាប,Svay Teab,200700,ឃុំ ស្វាយរំពារ,Svay Rumpear,200711
ខេត្ត ស្វាយរៀង,Svay Rieng,200000,ក្រុង បាវិត,Bavet,200800,សង្កាត់ បាទី,Sangkat Bati,200801
ខេត្ត ស្វាយរៀង,Svay Rieng,200000,ក្រុង បាវិត,Bavet,200800,សង្កាត់ បាវិត,Sangkat Bavet,200802
ខេត្ត ស្វាយរៀង,Svay Rieng,200000,ក្រុង បាវិត,Bavet,200800,សង្កាត់ ច្រកម្ទេស,Sangkat Chrak Mtes,200803
ខេត្ត ស្វាយរៀង,Svay Rieng,200000,ក្រុង បាវិត,Bavet,200800,សង្កាត់ ប្រាសាទ,Sangkat Prasat,200804
ខេត្ត ស្វាយរៀង,Svay Rieng,200000,ក្រុង បាវិត,Bavet,200800,សង្កាត់ ព្រៃអង្គុញ,Sangkat Prey Angkunh,200805
ខេត្ត តាកែវ,Takeo,210000,ស្រុក អង្គរបុរី,Angkor Borei,210100,ឃុំ អង្គរបុរី,Angkor Borei,210101
ខេត្ត តាកែវ,Takeo,210000,ស្រុក អង្គរបុរី,Angkor Borei,210100,ឃុំ បាស្រែ,Ba Srae,210102
ខេត្ត តាកែវ,Takeo,210000,ស្រុក អង្គរបុរី,Angkor Borei,210100,ឃុំ គោកធ្លក,Kouk Thlok,210103
ខេត្ត តាកែវ,Takeo,210000,ស្រុក អង្គរបុរី,Angkor Borei,210100,ឃុំ ពន្លៃ,Punley,210104
ខេត្ត តាកែវ,Takeo,210000,ស្រុក អង្គរបុរី,Angkor Borei,210100,ឃុំ ព្រែកផ្ទោល,Preaek Phtoul,210105
ខេត្ត តាកែវ,Takeo,210000,ស្រុក អង្គរបុរី,Angkor Borei,210100,ឃុំ ព្រៃផ្គាំ,Prey Phkoam,210106
ខេត្ត តាកែវ,Takeo,210000,ស្រុក បាទី,Bati,210200,ឃុំ ចំបក់,Chambak,210201
ខេត្ត តាកែវ,Takeo,210000,ស្រុក បាទី,Bati,210200,ឃុំ ចំប៉ី,Champei,210202
ខេត្ត តាកែវ,Takeo,210000,ស្រុក បាទី,Bati,210200,ឃុំ ដូង,Doung,210203
ខេត្ត តាកែវ,Takeo,210000,ស្រុក បាទី,Bati,210200,ឃុំ កណ្តឹង,Kandoeng,210204
ខេត្ត តាកែវ,Takeo,210000,ស្រុក បាទី,Bati,210200,ឃុំ កុមាររាជា,Komar Reachea,210205
ខេត្ត តាកែវ,Takeo,210000,ស្រុក បាទី,Bati,210200,ឃុំ ក្រាំងលាវ,Krang Leav,210206
ខេត្ត តាកែវ,Takeo,210000,ស្រុក បាទី,Bati,210200,ឃុំ ក្រាំងធ្នង់,Krang Thnung,210207
ខេត្ត តាកែវ,Takeo,210000,ស្រុក បាទី,Bati,210200,ឃុំ លំពង់,Lumpung,210208
ខេត្ត តាកែវ,Takeo,210000,ស្រុក បាទី,Bati,210200,ឃុំ ពារាម,Pea Ream,210209
ខេត្ត តាកែវ,Takeo,210000,ស្រុក បាទី,Bati,210200,ឃុំ ពុតសរ,Put Sar,210210
ខេត្ត តាកែវ,Takeo,210000,ស្រុក បាទី,Bati,210200,ឃុំ សូរភី,Souphi,210211
ខេត្ត តាកែវ,Takeo,210000,ស្រុក បាទី,Bati,210200,ឃុំ តាំងដូង,Tang Doung,210212
ខេត្ត តាកែវ,Takeo,210000,ស្រុក បាទី,Bati,210200,ឃុំ ត្នោត,Tnaot,210213
ខេត្ត តាកែវ,Takeo,210000,ស្រុក បាទី,Bati,210200,ឃុំ ត្រពាំងក្រសាំង,Trapeang Krasang,210214
ខេត្ត តាកែវ,Takeo,210000,ស្រុក បាទី,Bati,210200,ឃុំ ត្រពាំងសាប,Trapeang Sab,210215
ខេត្ត តាកែវ,Takeo,210000,ស្រុក បូរីជលសារ,Bourei chulsar,210300,ឃុំ បូរីជលសារ,Borei Chulsar,210301
ខេត្ត តាកែវ,Takeo,210000,ស្រុក បូរីជលសារ,Bourei chulsar,210300,ឃុំ ជ័យជោគ,Chey Chouk,210302
ខេត្ត តាកែវ,Takeo,210000,ស្រុក បូរីជលសារ,Bourei chulsar,210300,ឃុំ ដូងខ្ពស់,Doung Khpuos,210303
ខេត្ត តាកែវ,Takeo,210000,ស្រុក បូរីជលសារ,Bourei chulsar,210300,ឃុំ កំពង់ក្រសាំង,Kampong Krasang,210304
ខេត្ត តាកែវ,Takeo,210000,ស្រុក បូរីជលសារ,Bourei chulsar,210300,ឃុំ គោកពោធិ៍,Kouk Pou,210305
ខេត្ត តាកែវ,Takeo,210000,ស្រុក គិរីវង់,Kiri Vung,210400,ឃុំ អង្គប្រាសាទ,Ang Prasat,210401
ខេត្ត តាកែវ,Takeo,210000,ស្រុក គិរីវង់,Kiri Vung,210400,ឃុំ ព្រះបាទជាន់ជុំ,Preah Bat Choan Chum,210402
ខេត្ត តាកែវ,Takeo,210000,ស្រុក គិរីវង់,Kiri Vung,210400,ឃុំ កំណប់,Kamnab,210403
ខេត្ត តាកែវ,Takeo,210000,ស្រុក គិរីវង់,Kiri Vung,210400,ឃុំ កំពែង,Kampeaeng,210404
ខេត្ត តាកែវ,Takeo,210000,ស្រុក គិរីវង់,Kiri Vung,210400,ឃុំ គិរីចុងកោះ,Kiri Chong Kaoh,210405
ខេត្ត តាកែវ,Takeo,210000,ស្រុក គិរីវង់,Kiri Vung,210400,ឃុំ គោកព្រេច,Kouk Prech,210406
ខេត្ត តាកែវ,Takeo,210000,ស្រុក គិរីវង់,Kiri Vung,210400,ឃុំ ភ្នំដិន,Phnum Den,210407
ខេត្ត តាកែវ,Takeo,210000,ស្រុក គិរីវង់,Kiri Vung,210400,ឃុំ ព្រៃអំពក,Prey Ampok,210408
ខេត្ត តាកែវ,Takeo,210000,ស្រុក គិរីវង់,Kiri Vung,210400,ឃុំ ព្រៃរំដេង,Prey Rumdeng,210409
ខេត្ត តាកែវ,Takeo,210000,ស្រុក គិរីវង់,Kiri Vung,210400,ឃុំ រាមអណ្តើក,Ream Andaeuk,210410
ខេត្ត តាកែវ,Takeo,210000,ស្រុក គិរីវង់,Kiri Vung,210400,ឃុំ សោម,Saom,210411
ខេត្ត តាកែវ,Takeo,210000,ស្រុក គិរីវង់,Kiri Vung,210400,ឃុំ តាអូរ,Ta Ou,210412
ខេត្ត តាកែវ,Takeo,210000,ស្រុក កោះអណ្តែត,Kaoh Andaet,210500,ឃុំ ក្រពុំឈូក,Krapum Chhuk,210501
ខេត្ត តាកែវ,Takeo,210000,ស្រុក កោះអណ្តែត,Kaoh Andaet,210500,ឃុំ ពេជសារ,Pech Sar,210502
ខេត្ត តាកែវ,Takeo,210000,ស្រុក កោះអណ្តែត,Kaoh Andaet,210500,ឃុំ ព្រៃខ្លា,Prey Khla,210503
ខេត្ត តាកែវ,Takeo,210000,ស្រុក កោះអណ្តែត,Kaoh Andaet,210500,ឃុំ ព្រៃយុថ្កា,Prey Yuthka,210504
ខេត្ត តាកែវ,Takeo,210000,ស្រុក កោះអណ្តែត,Kaoh Andaet,210500,ឃុំ រមេញ,Romenh,210505
ខេត្ត តាកែវ,Takeo,210000,ស្រុក កោះអណ្តែត,Kaoh Andaet,210500,ឃុំ ធ្លាប្រជុំ,Thlea Prachum,210506
ខេត្ត តាកែវ,Takeo,210000,ស្រុក ព្រៃកប្បាស,Prey Kabbas,210600,ឃុំ អង្កាញ់,Angkanh,210601
ខេត្ត តាកែវ,Takeo,210000,ស្រុក ព្រៃកប្បាស,Prey Kabbas,210600,ឃុំ បានកាម,Ban Kam,210602
ខេត្ត តាកែវ,Takeo,210000,ស្រុក ព្រៃកប្បាស,Prey Kabbas,210600,ឃុំ ចំប៉ា,Champa,210603
ខេត្ត តាកែវ,Takeo,210000,ស្រុក ព្រៃកប្បាស,Prey Kabbas,210600,ឃុំ ចារ,Char,210604
ខេត្ត តាកែវ,Takeo,210000,ស្រុក ព្រៃកប្បាស,Prey Kabbas,210600,ឃុំ កំពែង,Kampeaeng,210605
ខេត្ត តាកែវ,Takeo,210000,ស្រុក ព្រៃកប្បាស,Prey Kabbas,210600,ឃុំ កំពង់រាប,Kampong Reab,210606
ខេត្ត តាកែវ,Takeo,210000,ស្រុក ព្រៃកប្បាស,Prey Kabbas,210600,ឃុំ ក្ដាញ់,Kdanh,210607
ខេត្ត តាកែវ,Takeo,210000,ស្រុក ព្រៃកប្បាស,Prey Kabbas,210600,ឃុំ ពោធិ៍រំចាក,Pou Rumchak,210608
ខេត្ត តាកែវ,Takeo,210000,ស្រុក ព្រៃកប្បាស,Prey Kabbas,210600,ឃុំ ព្រៃកប្បាស,Prey Kabbas,210609
ខេត្ត តាកែវ,Takeo,210000,ស្រុក ព្រៃកប្បាស,Prey Kabbas,210600,ឃុំ ព្រៃល្វា,Prey Lvea,210610
ខេត្ត តាកែវ,Takeo,210000,ស្រុក ព្រៃកប្បាស,Prey Kabbas,210600,ឃុំ ព្រៃផ្ដៅ,Prey Phdau,210611
ខេត្ត តាកែវ,Takeo,210000,ស្រុក ព្រៃកប្បាស,Prey Kabbas,210600,ឃុំ ស្នោ,Snao,210612
ខេត្ត តាកែវ,Takeo,210000,ស្រុក ព្រៃកប្បាស,Prey Kabbas,210600,ឃុំ តាំងយ៉ាប,Tang Yab,210613
ខេត្ត តាកែវ,Takeo,210000,ស្រុក សំរោង,Samraong,210700,ឃុំ បឹងត្រាញ់ខាងជើង,Boeng Tranh Khang Cheung,210701
ខេត្ត តាកែវ,Takeo,210000,ស្រុក សំរោង,Samraong,210700,ឃុំ បឹងត្រាញ់ខាងត្បូង,Boeng Tranh Khang Tboung,210702
ខេត្ត តាកែវ,Takeo,210000,ស្រុក សំរោង,Samraong,210700,ឃុំ ជើងគួន,Cheung Kuon,210703
ខេត្ត តាកែវ,Takeo,210000,ស្រុក សំរោង,Samraong,210700,ឃុំ ជំរះពេន,Chumreah Pen,210704
ខេត្ត តាកែវ,Takeo,210000,ស្រុក សំរោង,Samraong,210700,ឃុំ ខ្វាវ,Khvav,210705
ខេត្ត តាកែវ,Takeo,210000,ស្រុក សំរោង,Samraong,210700,ឃុំ លំចង់,Lumchang,210706
ខេត្ត តាកែវ,Takeo,210000,ស្រុក សំរោង,Samraong,210700,ឃុំ រវៀង,Rovieng,210707
ខេត្ត តាកែវ,Takeo,210000,ស្រុក សំរោង,Samraong,210700,ឃុំ សំរោង,Samraong,210708
ខេត្ត តាកែវ,Takeo,210000,ស្រុក សំរោង,Samraong,210700,ឃុំ សឹង្ហ,Soeng,210709
ខេត្ត តាកែវ,Takeo,210000,ស្រុក សំរោង,Samraong,210700,ឃុំ ស្លា,Sla,210710
ខេត្ត តាកែវ,Takeo,210000,ស្រុក សំរោង,Samraong,210700,ឃុំ ទ្រា,Trea,210711
ខេត្ត តាកែវ,Takeo,210000,ក្រុង ដូនកែវ,Doun Kaev,210800,សង្កាត់ បារាយណ៍,Sangkat Baray,210801
ខេត្ត តាកែវ,Takeo,210000,ក្រុង ដូនកែវ,Doun Kaev,210800,សង្កាត់ រកាក្នុង,Sangkat Roka Knong,210802
ខេត្ត តាកែវ,Takeo,210000,ក្រុង ដូនកែវ,Doun Kaev,210800,សង្កាត់ រកាក្រៅ,Sangkat Roka Krau,210803
ខេត្ត តាកែវ,Takeo,210000,ស្រុក ត្រាំកក់,Tram Kak,210900,ឃុំ អង្គតាសោម,Ang Ta Saom,210901
ខេត្ត តាកែវ,Takeo,210000,ស្រុក ត្រាំកក់,Tram Kak,210900,ឃុំ ជាងទង,Cheang Tong,210902
ខេត្ត តាកែវ,Takeo,210000,ស្រុក ត្រាំកក់,Tram Kak,210900,ឃុំ គុស,Kus,210903
ខេត្ត តាកែវ,Takeo,210000,ស្រុក ត្រាំកក់,Tram Kak,210900,ឃុំ លាយបូរ,Leay Bour,210904
ខេត្ត តាកែវ,Takeo,210000,ស្រុក ត្រាំកក់,Tram Kak,210900,ឃុំ ញ៉ែងញ៉ង,Nhaeng Nhang,210905
ខេត្ត តាកែវ,Takeo,210000,ស្រុក ត្រាំកក់,Tram Kak,210900,ឃុំ អូរសារាយ,Ou Saray,210906
ខេត្ត តាកែវ,Takeo,210000,ស្រុក ត្រាំកក់,Tram Kak,210900,ឃុំ ត្រពាំងគ្រញូង,Trapeang Kranhung,210907
ខេត្ត តាកែវ,Takeo,210000,ស្រុក ត្រាំកក់,Tram Kak,210900,ឃុំ ឧត្តមសុរិយា,Otdam Soriya,210908
ខេត្ត តាកែវ,Takeo,210000,ស្រុក ត្រាំកក់,Tram Kak,210900,ឃុំ ពពេល,Popel,210909
ខេត្ត តាកែវ,Takeo,210000,ស្រុក ត្រាំកក់,Tram Kak,210900,ឃុំ សំរោង,Samraong,210910
ខេត្ត តាកែវ,Takeo,210000,ស្រុក ត្រាំកក់,Tram Kak,210900,ឃុំ ស្រែរនោង,Srae Ronoung,210911
ខេត្ត តាកែវ,Takeo,210000,ស្រុក ត្រាំកក់,Tram Kak,210900,ឃុំ តាភេម,Ta Phem,210912
ខេត្ត តាកែវ,Takeo,210000,ស្រុក ត្រាំកក់,Tram Kak,210900,ឃុំ ត្រាំកក់,Tram Kak,210913
ខេត្ត តាកែវ,Takeo,210000,ស្រុក ត្រាំកក់,Tram Kak,210900,ឃុំ ត្រពាំងធំខាងជើង,Trapeang Thum Khang Cheung,210914
ខេត្ត តាកែវ,Takeo,210000,ស្រុក ត្រាំកក់,Tram Kak,210900,ឃុំ ត្រពាំងធំខាងត្បូង,Trapeang Thum Khang Tboung,210915
ខេត្ត តាកែវ,Takeo,210000,ស្រុក ទ្រាំង,Treang,211000,ឃុំ អង្កាញ់,Angkanh,211001
ខេត្ត តាកែវ,Takeo,210000,ស្រុក ទ្រាំង,Treang,211000,ឃុំ អង្គខ្នុរ,Ang Khnor,211002
ខេត្ត តាកែវ,Takeo,210000,ស្រុក ទ្រាំង,Treang,211000,ឃុំ ជីខ្មា,Chi Khma,211003
ខេត្ត តាកែវ,Takeo,210000,ស្រុក ទ្រាំង,Treang,211000,ឃុំ ខ្វាវ,Khvav,211004
ខេត្ត តាកែវ,Takeo,210000,ស្រុក ទ្រាំង,Treang,211000,ឃុំ ប្រាំបីមុំ,Prambei Mum,211005
ខេត្ត តាកែវ,Takeo,210000,ស្រុក ទ្រាំង,Treang,211000,ឃុំ អង្គកែវ,Ang Kaev,211006
ខេត្ត តាកែវ,Takeo,210000,ស្រុក ទ្រាំង,Treang,211000,ឃុំ ព្រៃស្លឹក,Prey Sloek,211007
ខេត្ត តាកែវ,Takeo,210000,ស្រុក ទ្រាំង,Treang,211000,ឃុំ រនាម,Roneam,211008
ខេត្ត តាកែវ,Takeo,210000,ស្រុក ទ្រាំង,Treang,211000,ឃុំ សំបួរ,Sambuor,211009
ខេត្ត តាកែវ,Takeo,210000,ស្រុក ទ្រាំង,Treang,211000,ឃុំ សន្លុង,Sanlung,211010
ខេត្ត តាកែវ,Takeo,210000,ស្រុក ទ្រាំង,Treang,211000,ឃុំ ស្មោង,Smaong,211011
ខេត្ត តាកែវ,Takeo,210000,ស្រុក ទ្រាំង,Treang,211000,ឃុំ ស្រង៉ែ,Srangae,211012
ខេត្ត តាកែវ,Takeo,210000,ស្រុក ទ្រាំង,Treang,211000,ឃុំ ធ្លក,Thlok,211013
ខេត្ត តាកែវ,Takeo,210000,ស្រុក ទ្រាំង,Treang,211000,ឃុំ ត្រឡាច,Tralach,211014
ខេត្ត ឧត្តរមានជ័យ,Otdar Meanchey,220000,ស្រុក អន្លង់វែង,Anlung Veaeng,220100,ឃុំ អន្លង់វែង,Anlung Veaeng,220101
ខេត្ត ឧត្តរមានជ័យ,Otdar Meanchey,220000,ស្រុក អន្លង់វែង,Anlung Veaeng,220100,ឃុំ ត្រពាំងតាវ,Trapeang Tav,220103
ខេត្ត ឧត្តរមានជ័យ,Otdar Meanchey,220000,ស្រុក អន្លង់វែង,Anlung Veaeng,220100,ឃុំ ត្រពាំងប្រីយ៍,Trapeang Prei,220104
ខេត្ត ឧត្តរមានជ័យ,Otdar Meanchey,220000,ស្រុក អន្លង់វែង,Anlung Veaeng,220100,ឃុំ ថ្លាត,Thlat,220105
ខេត្ត ឧត្តរមានជ័យ,Otdar Meanchey,220000,ស្រុក អន្លង់វែង,Anlung Veaeng,220100,ឃុំ លំទង,Lumtong,220106
ខេត្ត ឧត្តរមានជ័យ,Otdar Meanchey,220000,ស្រុក បន្ទាយអំពិល,Banteay Ampil,220200,ឃុំ អំពិល,Ampil,220201
ខេត្ត ឧត្តរមានជ័យ,Otdar Meanchey,220000,ស្រុក បន្ទាយអំពិល,Banteay Ampil,220200,ឃុំ បេង,Beng,220202
ខេត្ត ឧត្តរមានជ័យ,Otdar Meanchey,220000,ស្រុក បន្ទាយអំពិល,Banteay Ampil,220200,ឃុំ គោកខ្ពស់,Kouk Khpuos,220203
ខេត្ត ឧត្តរមានជ័យ,Otdar Meanchey,220000,ស្រុក បន្ទាយអំពិល,Banteay Ampil,220200,ឃុំ គោកមន,Kouk Mon,220204
ខេត្ត ឧត្តរមានជ័យ,Otdar Meanchey,220000,ស្រុក ចុងកាល,Chong Kal,220300,ឃុំ ជើងទៀន,Cheung Tien,220301
ខេត្ត ឧត្តរមានជ័យ,Otdar Meanchey,220000,ស្រុក ចុងកាល,Chong Kal,220300,ឃុំ ចុងកាល,Chong Kal,220302
ខេត្ត ឧត្តរមានជ័យ,Otdar Meanchey,220000,ស្រុក ចុងកាល,Chong Kal,220300,ឃុំ ក្រសាំង,Krasang,220303
ខេត្ត ឧត្តរមានជ័យ,Otdar Meanchey,220000,ស្រុក ចុងកាល,Chong Kal,220300,ឃុំ ពង្រ,Pungro,220304
ខេត្ត ឧត្តរមានជ័យ,Otdar Meanchey,220000,ក្រុង សំរោង,Samraong,220400,សង្កាត់ បន្សាយរាក់,Sangkat Bansay Reak,220401
ខេត្ត ឧត្តរមានជ័យ,Otdar Meanchey,220000,ក្រុង សំរោង,Samraong,220400,សង្កាត់ បុស្បូវ,Sangkat Bos Sbouv,220402
ខេត្ត ឧត្តរមានជ័យ,Otdar Meanchey,220000,ក្រុង សំរោង,Samraong,220400,សង្កាត់ កូនក្រៀល,Sangkat Koun Kriel,220403
ខេត្ត ឧត្តរមានជ័យ,Otdar Meanchey,220000,ក្រុង សំរោង,Samraong,220400,សង្កាត់ សំរោង,Sangkat Samraong,220404
ខេត្ត ឧត្តរមានជ័យ,Otdar Meanchey,220000,ក្រុង សំរោង,Samraong,220400,សង្កាត់ អូរស្មាច់,Sangkat Ou Smach,220405
ខេត្ត ឧត្តរមានជ័យ,Otdar Meanchey,220000,ស្រុក ត្រពាំងប្រាសាទ,Trapeang Prasat,220500,ឃុំ បាក់អន្លូង,Bak Anlung,220501
ខេត្ត ឧត្តរមានជ័យ,Otdar Meanchey,220000,ស្រុក ត្រពាំងប្រាសាទ,Trapeang Prasat,220500,ឃុំ ផ្អាវ,Ph'av,220502
ខេត្ត ឧត្តរមានជ័យ,Otdar Meanchey,220000,ស្រុក ត្រពាំងប្រាសាទ,Trapeang Prasat,220500,ឃុំ អូរស្វាយ,Ou Svay,220503
ខេត្ត ឧត្តរមានជ័យ,Otdar Meanchey,220000,ស្រុក ត្រពាំងប្រាសាទ,Trapeang Prasat,220500,ឃុំ ព្រះប្រឡាយ,Preah Pralay,220504
ខេត្ត ឧត្តរមានជ័យ,Otdar Meanchey,220000,ស្រុក ត្រពាំងប្រាសាទ,Trapeang Prasat,220500,ឃុំ ទំនប់ដាច់,Tumnub Dach,220505
ខេត្ត ឧត្តរមានជ័យ,Otdar Meanchey,220000,ស្រុក ត្រពាំងប្រាសាទ,Trapeang Prasat,220500,ឃុំ ត្រពាំងប្រាសាទ,Trapeang Prasat,220506
ខេត្ត កែប,Kep,230000,ស្រុក ដំណាក់ចង្អើរ,Damnak Chang'aeu,230100,ឃុំ អង្កោល,Angkaol,230101
ខេត្ត កែប,Kep,230000,ស្រុក ដំណាក់ចង្អើរ,Damnak Chang'aeu,230100,ឃុំ ពងទឹក,Pong Tuek,230103
ខេត្ត កែប,Kep,230000,ស្រុក ដំណាក់ចង្អើរ,Damnak Chang'aeu,230100,ក្រុង កែប,Kaeb,230200
ខេត្ត កែប,Kep,230000,ស្រុក ដំណាក់ចង្អើរ,Damnak Chang'aeu,230100,សង្កាត់ កែប,Sangkat Kaeb,230201
ខេត្ត កែប,Kep,230000,ស្រុក ដំណាក់ចង្អើរ,Damnak Chang'aeu,230100,សង្កាត់ ព្រៃធំ,Sangkat Prey Thum,230202
ខេត្ត កែប,Kep,230000,ស្រុក ដំណាក់ចង្អើរ,Damnak Chang'aeu,230100,សង្កាត់ អូរក្រសារ,Sangkat Ou Krasar,230203
ខេត្ត ប៉ៃលិន,Pailin,240000,ក្រុង ប៉ៃលិន,Pailin,240100,សង្កាត់ ប៉ៃលិន,Sangkat Pailin,240101
ខេត្ត ប៉ៃលិន,Pailin,240000,ក្រុង ប៉ៃលិន,Pailin,240100,សង្កាត់ អូរតាវ៉ៅ,Sangkat Ou Ta Vau,240102
ខេត្ត ប៉ៃលិន,Pailin,240000,ក្រុង ប៉ៃលិន,Pailin,240100,សង្កាត់ ទួលល្វា,Sangkat Tuol Lvea,240103
ខេត្ត ប៉ៃលិន,Pailin,240000,ក្រុង ប៉ៃលិន,Pailin,240100,សង្កាត់ បយ៉ាខា,Sangkat Ba Yakha,240104
ខេត្ត ប៉ៃលិន,Pailin,240000,ស្រុក សាលាក្រៅ,Sala Krau,240200,ឃុំ សាលាក្រៅ,Sala Krau,240201
ខេត្ត ប៉ៃលិន,Pailin,240000,ស្រុក សាលាក្រៅ,Sala Krau,240200,ឃុំ ស្ទឹងត្រង់,Stueng Trang,240202
ខេត្ត ប៉ៃលិន,Pailin,240000,ស្រុក សាលាក្រៅ,Sala Krau,240200,ឃុំ ស្ទឹងកាច់,Stueng Kach,240203
ខេត្ត ប៉ៃលិន,Pailin,240000,ស្រុក សាលាក្រៅ,Sala Krau,240200,ឃុំ អូរអណ្តូង,Ou Andoung,240204
ខេត្ត ត្បូងឃ្មុំ,Tboung Khmum,250000,ស្រុក តំបែរ,Dambae,250100,ឃុំ ចុងជាច,Chong Cheach,250101
ខេត្ត ត្បូងឃ្មុំ,Tboung Khmum,250000,ស្រុក តំបែរ,Dambae,250100,ឃុំ តំបែរ,Dambae,250102
ខេត្ត ត្បូងឃ្មុំ,Tboung Khmum,250000,ស្រុក តំបែរ,Dambae,250100,ឃុំ គោកស្រុក,Kouk Srok,250103
ខេត្ត ត្បូងឃ្មុំ,Tboung Khmum,250000,ស្រុក តំបែរ,Dambae,250100,ឃុំ នាងទើត,Neang Teut,250104
ខេត្ត ត្បូងឃ្មុំ,Tboung Khmum,250000,ស្រុក តំបែរ,Dambae,250100,ឃុំ សេដា,Seda,250105
ខេត្ត ត្បូងឃ្មុំ,Tboung Khmum,250000,ស្រុក តំបែរ,Dambae,250100,ឃុំ ទឹកជ្រៅ,Tuek Chrov,250106
ខេត្ត ត្បូងឃ្មុំ,Tboung Khmum,250000,ស្រុក តំបែរ,Dambae,250100,ឃុំ ត្រពាំងព្រីង,Trapeang Pring,250107
ខេត្ត ត្បូងឃ្មុំ,Tboung Khmum,250000,ស្រុក ក្រូចឆ្មារ,Krouch Chhmar,250200,ឃុំ ឈូក,Chhuk,250201
ខេត្ត ត្បូងឃ្មុំ,Tboung Khmum,250000,ស្រុក ក្រូចឆ្មារ,Krouch Chhmar,250200,ឃុំ ជំនីក,Chumnik,250202
ខេត្ត ត្បូងឃ្មុំ,Tboung Khmum,250000,ស្រុក ក្រូចឆ្មារ,Krouch Chhmar,250200,ឃុំ កំពង់ទ្រាស,Kampong Treas,250203
ខេត្ត ត្បូងឃ្មុំ,Tboung Khmum,250000,ស្រុក ក្រូចឆ្មារ,Krouch Chhmar,250200,ឃុំ កោះពីរ,Kaoh Pir,250204
ខេត្ត ត្បូងឃ្មុំ,Tboung Khmum,250000,ស្រុក ក្រូចឆ្មារ,Krouch Chhmar,250200,ឃុំ ក្រូចឆ្មារ,Krouch Chhmar,250205
ខេត្ត ត្បូងឃ្មុំ,Tboung Khmum,250000,ស្រុក ក្រូចឆ្មារ,Krouch Chhmar,250200,ឃុំ ប៉ឺស ១,Peus Muoy,250206
ខេត្ត ត្បូងឃ្មុំ,Tboung Khmum,250000,ស្រុក ក្រូចឆ្មារ,Krouch Chhmar,250200,ឃុំ ប៉ើស ២,Peus Pir,250207
ខេត្ត ត្បូងឃ្មុំ,Tboung Khmum,250000,ស្រុក ក្រូចឆ្មារ,Krouch Chhmar,250200,ឃុំ ព្រែកអាជី,Preaek A Chi,250208
ខេត្ត ត្បូងឃ្មុំ,Tboung Khmum,250000,ស្រុក ក្រូចឆ្មារ,Krouch Chhmar,250200,ឃុំ រកាខ្នុរ,Roka Khnor,250209
ខេត្ត ត្បូងឃ្មុំ,Tboung Khmum,250000,ស្រុក ក្រូចឆ្មារ,Krouch Chhmar,250200,ឃុំ ស្វាយឃ្លាំង,Svay Khleang,250210
ខេត្ត ត្បូងឃ្មុំ,Tboung Khmum,250000,ស្រុក ក្រូចឆ្មារ,Krouch Chhmar,250200,ឃុំ ទ្រា,Trea,250211
ខេត្ត ត្បូងឃ្មុំ,Tboung Khmum,250000,ស្រុក ក្រូចឆ្មារ,Krouch Chhmar,250200,ឃុំ ទួលស្នួល,Tuol Snuol,250212
ខេត្ត ត្បូងឃ្មុំ,Tboung Khmum,250000,ស្រុក មេមត់,Memut,250300,ឃុំ ចាន់មូល,Chan Mul,250301
ខេត្ត ត្បូងឃ្មុំ,Tboung Khmum,250000,ស្រុក មេមត់,Memut,250300,ឃុំ ជាំ,Choam,250302
ខេត្ត ត្បូងឃ្មុំ,Tboung Khmum,250000,ស្រុក មេមត់,Memut,250300,ឃុំ ជាំក្រវៀន,Choam Kravien,250303
ខេត្ត ត្បូងឃ្មុំ,Tboung Khmum,250000,ស្រុក មេមត់,Memut,250300,ឃុំ ជាំតាម៉ៅ,Choam Ta Mau,250304
ខេត្ត ត្បូងឃ្មុំ,Tboung Khmum,250000,ស្រុក មេមត់,Memut,250300,ឃុំ ដាវ,Dar,250305
ខេត្ត ត្បូងឃ្មុំ,Tboung Khmum,250000,ស្រុក មេមត់,Memut,250300,ឃុំ កំពាន់,Kampoan,250306
ខេត្ត ត្បូងឃ្មុំ,Tboung Khmum,250000,ស្រុក មេមត់,Memut,250300,ឃុំ មេមង,Memong,250307
ខេត្ត ត្បូងឃ្មុំ,Tboung Khmum,250000,ស្រុក មេមត់,Memut,250300,ឃុំ មេមត់,Memut,250308
ខេត្ត ត្បូងឃ្មុំ,Tboung Khmum,250000,ស្រុក មេមត់,Memut,250300,ឃុំ រូង,Rung,250309
ខេត្ត ត្បូងឃ្មុំ,Tboung Khmum,250000,ស្រុក មេមត់,Memut,250300,ឃុំ រំចេក,Rumchek,250310
ខេត្ត ត្បូងឃ្មុំ,Tboung Khmum,250000,ស្រុក មេមត់,Memut,250300,ឃុំ ត្រមូង,Tramung,250311
ខេត្ត ត្បូងឃ្មុំ,Tboung Khmum,250000,ស្រុក មេមត់,Memut,250300,ឃុំ ទន្លូង,Tunlung,250312
ខេត្ត ត្បូងឃ្មុំ,Tboung Khmum,250000,ស្រុក មេមត់,Memut,250300,ឃុំ ទ្រៀក,Triek,250313
ខេត្ត ត្បូងឃ្មុំ,Tboung Khmum,250000,ស្រុក មេមត់,Memut,250300,ឃុំ គគីរ,Kokir,250314
ខេត្ត ត្បូងឃ្មុំ,Tboung Khmum,250000,ស្រុក អូររាំងឪ,Ou Reang Ov,250400,ឃុំ អំពឹលតាពក,Ampil Ta Pok,250401
ខេត្ត ត្បូងឃ្មុំ,Tboung Khmum,250000,ស្រុក អូររាំងឪ,Ou Reang Ov,250400,ឃុំ ចក,Chak,250402
ខេត្ត ត្បូងឃ្មុំ,Tboung Khmum,250000,ស្រុក អូររាំងឪ,Ou Reang Ov,250400,ឃុំ ដំរិល,Damrel,250403
ខេត្ត ត្បូងឃ្មុំ,Tboung Khmum,250000,ស្រុក អូររាំងឪ,Ou Reang Ov,250400,ឃុំ គងជ័យ,Kong Chey,250404
ខេត្ត ត្បូងឃ្មុំ,Tboung Khmum,250000,ស្រុក អូររាំងឪ,Ou Reang Ov,250400,ឃុំ មៀន,Mien,250405
ខេត្ត ត្បូងឃ្មុំ,Tboung Khmum,250000,ស្រុក អូររាំងឪ,Ou Reang Ov,250400,ឃុំ ព្រះធាតុ,Preah Theat,250406
ខេត្ត ត្បូងឃ្មុំ,Tboung Khmum,250000,ស្រុក អូររាំងឪ,Ou Reang Ov,250400,ឃុំ ទួលសូភី,Tuol Souphi,250407
ខេត្ត ត្បូងឃ្មុំ,Tboung Khmum,250000,ស្រុក ពញាក្រែក,Ponhea Kraek,250500,ឃុំ ដូនតី,Doun Tei,250501
ខេត្ត ត្បូងឃ្មុំ,Tboung Khmum,250000,ស្រុក ពញាក្រែក,Ponhea Kraek,250500,ឃុំ កក់,Kak,250502
ខេត្ត ត្បូងឃ្មុំ,Tboung Khmum,250000,ស្រុក ពញាក្រែក,Ponhea Kraek,250500,ឃុំ កណ្តោលជ្រុំ,Kandaol Chrum,250503
ខេត្ត ត្បូងឃ្មុំ,Tboung Khmum,250000,ស្រុក ពញាក្រែក,Ponhea Kraek,250500,ឃុំ កោងកាង,Kaong Kang,250504
ខេត្ត ត្បូងឃ្មុំ,Tboung Khmum,250000,ស្រុក ពញាក្រែក,Ponhea Kraek,250500,ឃុំ ក្រែក,Kraek,250505
ខេត្ត ត្បូងឃ្មុំ,Tboung Khmum,250000,ស្រុក ពញាក្រែក,Ponhea Kraek,250500,ឃុំ ពពេល,Popel,250506
ខេត្ត ត្បូងឃ្មុំ,Tboung Khmum,250000,ស្រុក ពញាក្រែក,Ponhea Kraek,250500,ឃុំ ត្រពាំងផ្លុង,Trapeang Phlong,250507
ខេត្ត ត្បូងឃ្មុំ,Tboung Khmum,250000,ស្រុក ពញាក្រែក,Ponhea Kraek,250500,ឃុំ វាលម្លូរ,Veal Mlu,250508
ខេត្ត ត្បូងឃ្មុំ,Tboung Khmum,250000,ក្រុង សួង,Suong,250600,សង្កាត់ សួង,Sangkat Suong,250601
ខេត្ត ត្បូងឃ្មុំ,Tboung Khmum,250000,ក្រុង សួង,Suong,250600,សង្កាត់ វិហារលួង,Sangkat Vihea Luong,250602
ខេត្ត ត្បូងឃ្មុំ,Tboung Khmum,250000,ស្រុក ត្បូងឃ្មុំ,Tboung Khmum,250700,ឃុំ អញ្ចើម,Anhchaeum,250701
ខេត្ត ត្បូងឃ្មុំ,Tboung Khmum,250000,ស្រុក ត្បូងឃ្មុំ,Tboung Khmum,250700,ឃុំ បឹងព្រួល,Boeng Pruol,250702
ខេត្ត ត្បូងឃ្មុំ,Tboung Khmum,250000,ស្រុក ត្បូងឃ្មុំ,Tboung Khmum,250700,ឃុំ ជីគរ,Chikor,250703
ខេត្ត ត្បូងឃ្មុំ,Tboung Khmum,250000,ស្រុក ត្បូងឃ្មុំ,Tboung Khmum,250700,ឃុំ ជីរោទ៍ ទី ១,Chirou Ti Muoy,250704
ខេត្ត ត្បូងឃ្មុំ,Tboung Khmum,250000,ស្រុក ត្បូងឃ្មុំ,Tboung Khmum,250700,ឃុំ ជីរោទ៍ ទី ២,Chirou Ti Pir,250705
ខេត្ត ត្បូងឃ្មុំ,Tboung Khmum,250000,ស្រុក ត្បូងឃ្មុំ,Tboung Khmum,250700,ឃុំ ជប់,Chub,250706
ខេត្ត ត្បូងឃ្មុំ,Tboung Khmum,250000,ស្រុក ត្បូងឃ្មុំ,Tboung Khmum,250700,ឃុំ គរ,Kor,250707
ខេត្ត ត្បូងឃ្មុំ,Tboung Khmum,250000,ស្រុក ត្បូងឃ្មុំ,Tboung Khmum,250700,ឃុំ ល្ងៀង,Lngieng,250708
ខេត្ត ត្បូងឃ្មុំ,Tboung Khmum,250000,ស្រុក ត្បូងឃ្មុំ,Tboung Khmum,250700,ឃុំ មង់រៀវ,Mong Riev,250709
ខេត្ត ត្បូងឃ្មុំ,Tboung Khmum,250000,ស្រុក ត្បូងឃ្មុំ,Tboung Khmum,250700,ឃុំ ពាមជីលាំង,Peam Chileang,250710
ខេត្ត ត្បូងឃ្មុំ,Tboung Khmum,250000,ស្រុក ត្បូងឃ្មុំ,Tboung Khmum,250700,ឃុំ រកា ព ប្រាំ,Roka Po Pram,250711
ខេត្ត ត្បូងឃ្មុំ,Tboung Khmum,250000,ស្រុក ត្បូងឃ្មុំ,Tboung Khmum,250700,ឃុំ ស្រឡប់,Sralab,250712
ខេត្ត ត្បូងឃ្មុំ,Tboung Khmum,250000,ស្រុក ត្បូងឃ្មុំ,Tboung Khmum,250700,ឃុំ ថ្មពេជ្រ,Thma Pech,250713
ខេត្ត ត្បូងឃ្មុំ,Tboung Khmum,250000,ស្រុក ត្បូងឃ្មុំ,Tboung Khmum,250700,ឃុំ ទន្លេបិទ,Tonle Bet,250714
